Position,Track_Name,Artist,Streams,URL
1,Lo Siento BB:/ (with Bad Bunny & Julieta Venegas),Tainy,522713,https://open.spotify.com/track/4gzsuuZypVbxs0Af1LSZyB
2,Yonaguni,Bad Bunny,491383,https://open.spotify.com/track/2JPLbjOn0wPCngEot2STUS
3,Mon Amour - Remix,zzoilo,486839,https://open.spotify.com/track/5TMLavqGRKNxgzMBrVpC9R
4,A La Antiguita,Calibre 50,454511,https://open.spotify.com/track/798ahLNEcoFER7Vywg1FMT
5,Si Te Pudiera Mentir,Calibre 50,444366,https://open.spotify.com/track/3p6eieHX6oEOzJStPtEsLu
6,Debo Entender,Santa Fe Klan,425058,https://open.spotify.com/track/55mzJ0LftLnef8sxAjrMkU
7,Tacones Rojos,Sebastian Yatra,377123,https://open.spotify.com/track/0Be7sopyKMv8Y8npsUkax2
8,Como Lo Hice Yo,Matisse,376989,https://open.spotify.com/track/64JzNzcoSZOh3RWeoghVfk
9,Desesperados,Rauw Alejandro,373323,https://open.spotify.com/track/6mmPpaltUZK7xjNlBPQQ0p
10,Ya Acabo,Marca MP,372764,https://open.spotify.com/track/4H3t8C59tXjKf1R2iKtc5M
11,Todo De Ti,Rauw Alejandro,364404,https://open.spotify.com/track/3rdAz1fbUfZxYgaCviYhRo
12,Volv√≠,Aventura,352415,https://open.spotify.com/track/2vmfvSoZBFAt9hhRoEByLi
13,Ya Superame (En Vivo),Grupo Firme,340432,https://open.spotify.com/track/6HIIuuUIEzH1meVdGbMXyf
14,Soy El Raton,Ldln,338963,https://open.spotify.com/track/6VUtRAE5fkJQfWqFhEWy1H
15,D√ÅKITI,Bad Bunny,315792,https://open.spotify.com/track/4MzXwWMhyBbmu6hOcLVD49
16,Cold Heart - PNAU Remix,Elton John,308977,https://open.spotify.com/track/7rglLriMNBPAyuJOMGwi39
17,Te Ire A Buscar,Santa Fe Klan,303669,https://open.spotify.com/track/3elpkpwYlmUbuvmVps08lJ
18,Cada Quien,Grupo Firme,289856,https://open.spotify.com/track/5BE9B2FiFWBbBdoIQ1m1UP
19,Medallo,Blessd,289566,https://open.spotify.com/track/6lX6l7OuA3qrnIRfdsr0dw
20,Pepas,Farruko,288409,https://open.spotify.com/track/2B4GHvToeLTOBB4QLzW3Ni
21,M√≥naco,LAGOS,282828,https://open.spotify.com/track/3HgvO4B5LLmdPOT2d8cSZd
22,Hasta la Ra√≠z,Natalia Lafourcade,274617,https://open.spotify.com/track/3lGMtkONrZdJ8kTCg6KIFf
23,El Toxico,Grupo Firme,267567,https://open.spotify.com/track/7E9GeFGfjXw9LAI4ay6rsw
24,En Tu Perra Vida,Grupo Firme,265347,https://open.spotify.com/track/0ldT3gl7aGNzrJyd4b1CA4
25,Botella Tras Botella,Gera MX,260152,https://open.spotify.com/track/2MnLkFqY9Rpg9s3Zv6ZJdK
26,Sobrio,Maluma,257324,https://open.spotify.com/track/4HzqWEdAbzcVFDv0pvxV4w
27,Problemon,Alvaro Diaz,252667,https://open.spotify.com/track/1mSviQV9iQnGSRyvTIuxAj
28,Tiroteo - Remix,Marc Segu√≠,247392,https://open.spotify.com/track/4OwhwvKESFtuu06dTgct7i
29,Se Amerita,Junior H,243962,https://open.spotify.com/track/3pQYf90V5idOGrXzosm9rt
30,Entre Nosotros (Remix) [con Nicki Nicole],Tiago PZK,236032,https://open.spotify.com/track/4TGwERXRlyQtBdggYTHo6j
31,Fuentes de Ortiz,Ed Maverick,232513,https://open.spotify.com/track/0akyEssGRVHstqCSWXusJL
32,Cuidando El Territorio,Calibre 50,228658,https://open.spotify.com/track/64ImcY4fJhY243wr20SR3e
33,La Sinverguenza,Christian Nodal,228620,https://open.spotify.com/track/1xO7tp4J5Wj0NeKrzIpd1V
34,LA CANCION,J Balvin,224193,https://open.spotify.com/track/0fea68AdmYNygeTGI4RC18
35,AM Remix,Nio Garcia,219118,https://open.spotify.com/track/05bfbizlM5AX6Mf1RRyMho
36,A Tu Merced,Bad Bunny,215048,https://open.spotify.com/track/4r9jkMEnArtWGH2rL2FZl0
37,Pareja Del AÒo,Sebastian Yatra,213726,https://open.spotify.com/track/2rCbl9naJYhaxjLsfx88uM
38,Todo Va a Estar Bien,Santa Fe Klan,212302,https://open.spotify.com/track/3XjRIN9vEt35lm1iStPcgq
39,Volando - Remix,Mora,208922,https://open.spotify.com/track/0G2zPzWqVjR68iNPmx2TBe
40,√çndigo,Camilo,208548,https://open.spotify.com/track/4knc1Fp3kbuq8bH2byOvLu
41,Se Le Ve,Da≠melo Flow,208351,https://open.spotify.com/track/5W1qmxHrMlQGGAiFA3ZQqP
42,Yo Ya No Vuelvo Contigo - En Vivo,Lenin RamÌrez,206892,https://open.spotify.com/track/1s59X35jDULAyOGmBuTAnd
43,Easy On Me,Adele,203741,https://open.spotify.com/track/46IZ0fSY2mpAiktS3KOqds
44,Se Fue La Pantera (En Vivo),Grupo Firme,202054,https://open.spotify.com/track/6Yard5LK4aXEn0kBKtHSob
45,Don't Be Shy,Tiesto,201510,https://open.spotify.com/track/0bI7K9Becu2dtXK1Q3cZNB
46,Nostalgico,Rvssian,199432,https://open.spotify.com/track/2BEcap3xJtmiPaHKyfQi4e
47,Amapolas,Leo Rizzi,198083,https://open.spotify.com/track/0z5yLgBmAtaylDYrgwzlpH
48,STAY (with Justin Bieber),The Kid LAROI,197244,https://open.spotify.com/track/5PjdY0CKGZdEuoNab3yDmX
49,Que Mas Pues?,J Balvin,195715,https://open.spotify.com/track/6D2TCm4nf5nxAcdGJ7w3QP
50,Si Veo a Tu Mam·°,Bad Bunny,189148,https://open.spotify.com/track/41wtwzCZkXwpnakmwJ239F
51,Ojos Cerrados,Banda MS de Sergio Lizarraga,184349,https://open.spotify.com/track/4OVpyR6yhYyVoRj9D7CERz
52,Mienteme,TINI,181221,https://open.spotify.com/track/0cOa970mzTWAxKtltpkpLc
53,La Santa,Bad Bunny,179642,https://open.spotify.com/track/69vlMrzHwATKzupwNcUPyK
54,Si Estuviesemos Juntos,Bad Bunny,178949,https://open.spotify.com/track/35wvL50xvKpCHEJPxLOLPI
55,PariÃÅs,Ingratax,177215,https://open.spotify.com/track/4bF2y8rR7GUjrd5LNEvej3
56,Enemy (with JID) - from the series Arcane League of Legends,Imagine Dragons,174170,https://open.spotify.com/track/1r9xUipOqoNwggBpENDsvJ
57,LA NOCHE DE ANOCHE,Bad Bunny,170924,https://open.spotify.com/track/2XIc1pqjXV3Cr2BQUGNBck
58,My Universe,Coldplay,170895,https://open.spotify.com/track/46HNZY1i7O6jwTA7Slo2PI
59,Do It To It,ACRAZE,170810,https://open.spotify.com/track/20on25jryn53hWghthWWW3
60,Por Mi MÈxico,Lefty Sm,170745,https://open.spotify.com/track/2sUknbm8xdLQgH7wb8xcTX
61,Diles,Bad Bunny,170296,https://open.spotify.com/track/6C1RD7YQVvt3YQj0CmuTeu
62,Sacrifice,The Weeknd,169523,https://open.spotify.com/track/1nH2PkJL1XoUq8oE6tBZoU
63,Vete,Bad Bunny,169309,https://open.spotify.com/track/2n7ohqg1s68ToAHh4u9mcW
64,abcdefu,GAYLE,169019,https://open.spotify.com/track/4fouWK6XVHhzl78KzQ1UjL
65,Jugaste y Sufre,Eslabon Armado,167122,https://open.spotify.com/track/3NqBxTOMCJ3zW9CIP51td4
66,No Me Conoce - Remix,Jhay Cortez,166796,https://open.spotify.com/track/4R8BJggjosTswLxtkw8V7P
67,Tranquilito,Gerardo Ortiz,163702,https://open.spotify.com/track/2LJRoFOtMGLnSxJqlJuhge
68,Burbujas de Cristal,Cartel De Santa,163661,https://open.spotify.com/track/15yuvKhcoEtV5KwKxqHSwa
69,TE MUDASTE,Bad Bunny,162553,https://open.spotify.com/track/5RubKOuDoPn5Kj5TLVxSxY
70,Me Rehuso,Danny Ocean,161476,https://open.spotify.com/track/6ifUES3keWjwXgae8pXI3o
71,El B√©lico,El Fantasma,161429,https://open.spotify.com/track/50pkO56KXHoH53sVPRSbZ3
72,Una Vez,Bad Bunny,157533,https://open.spotify.com/track/5J7teKIJGtqVypgYI6sqXj
73,Entre Nosotros,Tiago PZK,157228,https://open.spotify.com/track/6w8yBI2vthyN9UnwO4UBWb
74,Mucho para Mi,Santa RM,155635,https://open.spotify.com/track/29FljZjbNMcXlHAf2lKHbR
75,Haw·i,Maluma,155172,https://open.spotify.com/track/1yoMvmasuxZfqHEipJhRbp
76,DANCE CRIP,Trueno,154967,https://open.spotify.com/track/1kjs5eR4DMzyB0gm1Z8waV
77,No se habla de Bruno,Carolina Gait√°n - La Gaita,154519,https://open.spotify.com/track/5QKk5N5xJQGsWMhPM80Kfv
78,T√≠rame Un Hello,Ramon Vega,153864,https://open.spotify.com/track/29gcdJL6O6K11Z4eV8Qhk6
79,Brillas,Le√≥n Larregui,152579,https://open.spotify.com/track/6VuUMo1TusnqBxLTnr3hOI
80,Amnesia,La Santa Grifa,150875,https://open.spotify.com/track/3T0DeQvOtdqd7Yo3t2Ig3N
81,Curame,Rauw Alejandro,150272,https://open.spotify.com/track/1FlL8ycld6uVDDyhV7P5FA
82,AsÌ Soy,Santa Fe Klan,150210,https://open.spotify.com/track/5Wvw29RKTFSK0IuCd2qs4m
83,Un Millon De Primaveras,Vicente Fern·ndez,150022,https://open.spotify.com/track/6j5LtifAnuTjTYvml61yFZ
84,Brindo,Mario Bautista,149939,https://open.spotify.com/track/1oLp4xkeNCxjMy4glz0vbL
85,Complicado,Gera MX,149176,https://open.spotify.com/track/5LxtXRqA2i3LBWdJiqE91O
86,Amor Fugaz,Los Del Limit,149051,https://open.spotify.com/track/4O2bxKTnK9En7OPw8kGDDF
87,Problem√°tico,Gera MX,146289,https://open.spotify.com/track/3D3ek5Ts78bkWEopL6zIjv
88,TE DESEO LO MEJOR,Bad Bunny,146125,https://open.spotify.com/track/23XjN1s3DZC8Q9ZwuorYY4
89,La Curiosidad,Jay Wheeler,145858,https://open.spotify.com/track/4HYDUMY0xSpeBr0AMY9cUz
90,T√∫,Carin Leon,145466,https://open.spotify.com/track/1nLs8r6K4YN0avBwUmmTnr
91,Blinding Lights,The Weeknd,145047,https://open.spotify.com/track/0VjIjW4GlUZAMYd2vXMi3b
92,Ella,Junior H,144681,https://open.spotify.com/track/0tKl8ZVM6xJkhznvJAS3Nq
93,Descansando,Fuerza Regida,142641,https://open.spotify.com/track/6W8zkOCzjmRkc1E3JR3mBF
94,Buenos Dias,Wisin,142020,https://open.spotify.com/track/2MxHuZWC99rsELX9SrCW7K
95,A M√≠,Rels B,141289,https://open.spotify.com/track/7MmrcXVA7A5zZ2CbDuGHNa
96,Enemy - From the series Arcane League of Legends,Imagine Dragons,140942,https://open.spotify.com/track/5UlnuulVAVmmesw4VzqHdG
97,Me Met√≠ En El Ruedo,Luis R Conriquez,140874,https://open.spotify.com/track/7KNSQcLwrl3bNEuV1OVHtv
98,HACIENDO QUE ME AMAS,Bad Bunny,140862,https://open.spotify.com/track/26QApq0cuO9brJigr0C0W4
99,Callaita,Bad Bunny,140499,https://open.spotify.com/track/2TH65lNHgvLxCKXM3apjxI
100,INDUSTRY BABY (feat. Jack Harlow),Lil Nas X,140414,https://open.spotify.com/track/5Z9KJZvQzH6PFmb8SNkxuk
101,Porte Exuberante,Natanael Cano,139156,https://open.spotify.com/track/4DdnffqoFr9wDRlCACNmGf
102,SEJODIOTO,KAROL G,138958,https://open.spotify.com/track/704LUEih663hiE3CnyUrFW
103,…xtasis,Millonario & W. Corona,138916,https://open.spotify.com/track/4xbMF8jx0msGGgrtJaAuXE
104,Saturno,Pablo Albor√°n,137927,https://open.spotify.com/track/2f0Ft2XdvNSMSY5TUlZgEz
105,Se Me Olvido,Gera MX,137821,https://open.spotify.com/track/7xLYLM5K6S1TwiSdfuhZQg
106,Toxic,BoyWithUke,137740,https://open.spotify.com/track/2gQPv5jvVPqU2a9HhMNO1v
107,Gracias - En Vivo,Grupo Firme,136637,https://open.spotify.com/track/2XlGKZNMkRKvEJsbwQ6MCl
108,2/Catorce,Rauw Alejandro,135968,https://open.spotify.com/track/78QcVmzxS0wIwuC2rpAauI
109,Es Que Me Gustas - En Vivo,Los 2 de la S,135819,https://open.spotify.com/track/6nyl8kugrRsjzvpFhvw4hE
110,Ramito De Violetas,Mi Banda El Mexicano,135319,https://open.spotify.com/track/6sRaqq9SYsSTPvrWkL1sRy
111,love nwantiti (feat. Dj Yo! & AX'EL) - Remix,CKay,134930,https://open.spotify.com/track/4gvrJnKCKIPiacNsWVQwEU
112,V√°monos a Marte,Kevin Kaarl,134279,https://open.spotify.com/track/2TzkIzgzIHhewMxyh1u4hh
113,La Casita,Banda MS de Sergio Liz√°rraga,134185,https://open.spotify.com/track/0vtYnEw1eJwW26BrBnOAYJ
114,Grandes Ligas,Lupillo Rivera,132965,https://open.spotify.com/track/06IceO7e9isF3nX3y7dOTe
115,Todas Mueren por MÌ,Cartel De Santa,131457,https://open.spotify.com/track/3p2KYoBgxUaaoJzXUToM8a
116,Ella - Remix,Boza,130789,https://open.spotify.com/track/7iHHlCbsFou5DZSW5HCPfs
117,Colapso,Kevin Kaarl,129847,https://open.spotify.com/track/7dT9D6117e5DbhnKxDLNW9
118,Devuelveme a mi chica,Hombres G,126580,https://open.spotify.com/track/1Wrzhfa5bNlqvsnCztz190
119,Hablando Claro (En Vivo),Grupo Firme,126567,https://open.spotify.com/track/5hRFjooNvZWb9gdnXjrv2j
120,ANTES QUE SE ACABE,Bad Bunny,126149,https://open.spotify.com/track/7kjEqI6eZ7YlFrGhxixnlN
121,Me DediquÈ a Perderte,Alejandro Fern·ndez,125727,https://open.spotify.com/track/4NUt1fcnO9aQAELBgXq3Kr
122,H√≠brido,Virlan Garcia,125412,https://open.spotify.com/track/5iBBLeUl4UfynWgcJWVGsU
123,Ahora Te Puedes Marchar,Luis Miguel,124947,https://open.spotify.com/track/1uKjQoh8JZj9ryuYRhpd7E
124,S√∫belo,Anuel AA,124690,https://open.spotify.com/track/3xv8JksRyqHa1lwkM9xvJf
125,Kiss Me More (feat. SZA),Doja Cat,123618,https://open.spotify.com/track/3DarAbFujv6eYNliUTyqtz
126,Otra Noche en Miami,Bad Bunny,121734,https://open.spotify.com/track/4vCAzANUWDE24URV6wQ4ra
127,Los Mire Con Talento,Fuerza Regida,121666,https://open.spotify.com/track/1trAoZKkvVjuuQpUzTI6KV
128,Me Acostumbre A Lo Bueno,Fuerza Regida,121275,https://open.spotify.com/track/1hHnCReCPe1FUkGLTeuCaC
129,La Barda,Grupo 360,121193,https://open.spotify.com/track/0pi1spZ3Upm2gXb1OVDq5y
130,Locos,Le√≥n Larregui,120660,https://open.spotify.com/track/3GSMdtJphymHEsR8K9jT5Q
131,Save Your Tears,The Weeknd,119929,https://open.spotify.com/track/5QO79kh1waicV47BqGRL3g
132,Cabron y Vago - En Vivo,El Fantasma,119107,https://open.spotify.com/track/4nbWX2HzrOEnX4xxvYRCyU
133,23 (With Ape Drums),Randy,118838,https://open.spotify.com/track/4vv8wcnT04GHHbUCFBAiHF
134,El Fat Tony,Grupo Los de la O,118819,https://open.spotify.com/track/3viZLBs5sOsNFL9JMfuqZN
135,Nadie Va A Pensar En Ti Mejor Que Yo,Conjunto Rienda Real,118240,https://open.spotify.com/track/30eHHpkjMNqb2F0V8nXjbJ
136,Fiel,Los Legendarios,117768,https://open.spotify.com/track/7Bk0uXKk1uPT0XuQbpFzvs
137,Ley Seca,Jhay Cortez,117296,https://open.spotify.com/track/3JCaq3KDSROg3TXhdiDa9n
138,BICHOTA,KAROL G,116724,https://open.spotify.com/track/1WvrDdouh6C51In1SdATbq
139,La Dificil,Bad Bunny,116597,https://open.spotify.com/track/6NfrH0ANGmgBXyxgV2PeXt
140,Oh My God,Adele,116581,https://open.spotify.com/track/3Kkjo3cT83cw09VJyrLNwX
141,Don't Start Now,Dua Lipa,115778,https://open.spotify.com/track/3PfIrDoz19wz7qK7tYeu62
142,Virgen,Adolescent's Orquesta,115628,https://open.spotify.com/track/6srBp90EwADKAF7PorGiUC
143,Save Your Tears (with Ariana Grande) (Remix),The Weeknd,115117,https://open.spotify.com/track/37BZB0z9T8Xu7U3e65qxFy
144,telepat√≠a,Kali Uchis,114826,https://open.spotify.com/track/6tDDoYIxWvMLTdKpjFkc1B
145,Me La Avente,Carin Leon,114295,https://open.spotify.com/track/3ahvKiNH7l6EpnTnzkZpG1
146,El G√ºero (Feat. Marca MP),Grupo Firme,114118,https://open.spotify.com/track/2MeEuwplwbbjZ7hxRI6viw
147,Tu Falta De Querer,Mon Laferte,113769,https://open.spotify.com/track/4skuEIloXWuxxgekKupkEH
148,El Amor De Tu Vida,Carin Leon,113249,https://open.spotify.com/track/5HpXH64cSBNu26yhw3vK37
149,C√ìMO SE SIENTE - Remix,Jhay Cortez,112900,https://open.spotify.com/track/2tFwfmceQa1Y6nRPhYbEtC
150,Sexo Virtual,Rauw Alejandro,112678,https://open.spotify.com/track/1lV3QHHMAQt0Kc1ioZq2MP
151,Woman,Doja Cat,112492,https://open.spotify.com/track/6Uj1ctrBOjOas8xZXGqKk4
152,Dueles,Jesse & Joy,112076,https://open.spotify.com/track/1iRvhKiXRElIH2Uf4gd95P
153,Leve,Cartel De Santa,111999,https://open.spotify.com/track/00jpfco62YfQj1BBYCCuKH
154,Mente Positiva,Junior H,111808,https://open.spotify.com/track/3WQilym5Vi4ypxb70vx0eY
155,512,Mora,110818,https://open.spotify.com/track/5jzEwSyyymBlf1fa1o39T2
156,Ignorantes,Bad Bunny,110458,https://open.spotify.com/track/38RIEav39FGi86jppxO0du
157,Lamento Boliviano,Los Enanitos Verdes,110179,https://open.spotify.com/track/6Pur3hWy6Nzc27ilmsp5HA
158,Salimo de Noche,Tiago PZK,110059,https://open.spotify.com/track/6P096SaOzrgGxs8NWOfX7M
159,"Tiago PZK: Bzrp Music Sessions, Vol. 48",Bizarrap,109836,https://open.spotify.com/track/2Gq636OOGgxCTqEuzCZhsa
160,Tal Vez,Paulo Londra,109527,https://open.spotify.com/track/5jW3rF4URMdK7tO2xjS5EI
161,El Color de Tus Ojos,Banda MS de Sergio Liz√°rraga,108888,https://open.spotify.com/track/1l77YWrGUp3qX3NS1rz7lq
162,traitor,Olivia Rodrigo,108733,https://open.spotify.com/track/5CZ40GBx1sQ9agT82CLQCT
163,Safaera,Bad Bunny,108672,https://open.spotify.com/track/2DEZmgHKAvm41k4J3R2E9Y
164,Beggin',M√•neskin,108572,https://open.spotify.com/track/3Wrjm47oTz2sjIgck11l5e
165,Aqu√≠ Abajo,Christian Nodal,108170,https://open.spotify.com/track/16ONd70tvWAaLIc6hcLzaG
166,UN DIA (ONE DAY),J Balvin,107930,https://open.spotify.com/track/66x45Yh9x397PWpxMX0ZDT
167,Hasta la Miel Amarga (feat. Grupo Firme),"Luis Angel ""El Flaco""",107897,https://open.spotify.com/track/3D3W7rDsuJIAtjInwh6Moc
168,Need to Know,Doja Cat,107509,https://open.spotify.com/track/3Vi5XqYrmQgOYBajMWSvCi
169,Bombos y Tarolas,Cartel De Santa,107335,https://open.spotify.com/track/5MyEACD2kRFeh231Z6FkdE
170,Soy Buen Amigo,El Fantasma,107335,https://open.spotify.com/track/1Z0auW1yEy6Dq9hsRdeIV3
171,Watermelon Sugar,Harry Styles,106697,https://open.spotify.com/track/6UelLqGlWMcVH1E5c4H7lY
172,Life Goes On,Oliver Tree,106176,https://open.spotify.com/track/0eu4C55hL6x29mmeAjytzC
173,Aquel Nap ZzZz,Rauw Alejandro,106138,https://open.spotify.com/track/5bQLsyTrUaMQRfr6whwGe5
174,Bang Bang,K'NAAN,106085,https://open.spotify.com/track/61YzdCCBPM5Pc7lIiD5i8C
175,Pa' Olvidarme De Ella,Piso 21,106059,https://open.spotify.com/track/3lR4O0vtkhCAvVEUEWUL0S
176,El Amor SoÒado,Los Tucanes De Tijuana,105574,https://open.spotify.com/track/587p8shYuTXUhThG3t9x60
177,BOOKER T,Bad Bunny,105347,https://open.spotify.com/track/26w9NTiE9NGjW1ZvIOd1So
178,Infinity,Jaymes Young,104911,https://open.spotify.com/track/1SOClUWhOi8vHZYMz3GluK
179,El Doctor,Grupo Marca Registrada,104600,https://open.spotify.com/track/2g12ZAzSIybDe6QC3w9DYl
180,El Rat√≥n (Versi√≥n Ac√∫stico),CÛdigo FN,104559,https://open.spotify.com/track/5MwtHzPO5Olk9PauYV6KDa
181,Tan Solo Morro,Polo Gonzalez,104204,https://open.spotify.com/track/0KUPRHjyvFMnl4XLN3q1S1
182,UN PESO,J Balvin,103320,https://open.spotify.com/track/7hynhxDoDpgMIV12JuVtNa
183,Fumando Mota,Los Lara,103309,https://open.spotify.com/track/2ytQws1jfyFcY2K2MDUfzd
184,La Incondicional,Luis Miguel,103231,https://open.spotify.com/track/6F9yAYUaNbUhdlQyt5uZ3b
185,Las Mil Y Una Noches,Flans,103229,https://open.spotify.com/track/0b53GyMOfBCt5L6bh0CH3f
186,Hasta Que Me Olvides,Luis Miguel,103157,https://open.spotify.com/track/6vPAmoERUMRoTZaCCSWQ12
187,De Los Besos Que Te Di,Christian Nodal,102414,https://open.spotify.com/track/1qfoq1qvZT7VwDVeekCJ97
188,El Buho,Luis R Conriquez,101852,https://open.spotify.com/track/1quaoU1wjFHLkDXC3bNghk
189,Te MarquÈ Pedo,Alex Luna,101358,https://open.spotify.com/track/4JfWJOuhXu0QVnev3jgC9S
190,Si Te Vienen a Contar,Cartel De Santa,101243,https://open.spotify.com/track/1qNUhmx3rGjiMRThz7Eruv
191,Todavia,La Factoria,100984,https://open.spotify.com/track/7gaovXojjqfn276uZR0omT
192,Belleza De Cantina,Cardenales De Nuevo LeÛn,100939,https://open.spotify.com/track/4ZplewvZRLFcfBa5uyBbhd
193,EL MAKINON,KAROL G,100689,https://open.spotify.com/track/2FSGUA0gFgGeQdprjtGM2M
194,MONEY,LISA,100625,https://open.spotify.com/track/7hU3IHwjX150XLoTVmjD0q
195,good 4 u,Olivia Rodrigo,99455,https://open.spotify.com/track/4ZtFanR9U6ndgddUvNcjcG
196,Reloj,Rauw Alejandro,99444,https://open.spotify.com/track/4loQgPwJHocL3dFwLfjb1J
197,S√°lvame,RBD,99279,https://open.spotify.com/track/3hbTkJ0yFzHbawnKyhvTQj
198,Fuerte No Soy,Intocable,98663,https://open.spotify.com/track/7A07Yu1dRND3RKDzbhKrDs
199,No Paras de Hacerme Feliz,La Fiera de Ojinaga,97272,https://open.spotify.com/track/5bP1RCdGcUxkwASwKAbPHa
200,2 Veces,Los Plebes del Rancho de Ariel Camacho,97222,https://open.spotify.com/track/4cV6ld7uIs906zOwNscoBM
201, La Vida Sigue Igual, Los Gritos ,1345718,https://open.spotify.com/track/4cV6ld7uIs906zOwNscoBM
202, Los Cuatro Muleros, Los Pekenikes,1127591,https://open.spotify.com/track/4cV6ld7uIs906zOwNscoBM
203,Mil Calles Llevan Hacia Ti, La Guardia ,1732306,https://open.spotify.com/track/4cV6ld7uIs906zOwNscoBM
204,Mediterr·neo, Los Rebeldes,768128,https://open.spotify.com/track/4cV6ld7uIs906zOwNscoBM
205, CuÈntame Al OÌdo,La Oreja De Van Gogh,893680,https://open.spotify.com/track/4cV6ld7uIs906zOwNscoBM
206,La Vie En Rose,…dith Piaf,964001,https://open.spotify.com/track/4cV6ld7uIs906zOwNscoBM
207,Se Le ApagÛ La Luz,Alejandro Sanz,1137141,https://open.spotify.com/track/4cV6ld7uIs906zOwNscoBM
208,Samba De Janeiro,Bellini,1547031,https://open.spotify.com/track/4cV6ld7uIs906zOwNscoBM
209, Aquellas PequeÒas Cosas,Joan Manuel Serrat,724558,https://open.spotify.com/track/4cV6ld7uIs906zOwNscoBM
210, El Hombre Resaka Baila Ska,Ska-P,1505923,https://open.spotify.com/track/4cV6ld7uIs906zOwNscoBM
211,ConstrucciÛn, Nacha Guevara,1613749,https://open.spotify.com/track/4cV6ld7uIs906zOwNscoBM
212,El Parque,VÌctor Y Diego,1038931,https://open.spotify.com/track/4cV6ld7uIs906zOwNscoBM
213,CompasiÛn,Los Payos,701470,https://open.spotify.com/track/4cV6ld7uIs906zOwNscoBM
214,Manuel-Raquel, Tam Tam Go,1964441,https://open.spotify.com/track/4cV6ld7uIs906zOwNscoBM
215,Los Amigos De Mis Amigas Son Mis Amigos, Objetivo Birmania,744658,https://open.spotify.com/track/4cV6ld7uIs906zOwNscoBM
216,Abriendo Puertas, Gloria Estefan,1150428,https://open.spotify.com/track/4cV6ld7uIs906zOwNscoBM
217, «a Plane Pour Moi,Plastic Bertrand ,1565575,https://open.spotify.com/track/4cV6ld7uIs906zOwNscoBM
218,Tanti Auguri,Raffaella Carr‡,1473911,https://open.spotify.com/track/4cV6ld7uIs906zOwNscoBM
219,Des·tame, MÛnica Naranjo,1749595,https://open.spotify.com/track/4cV6ld7uIs906zOwNscoBM
220,Chiquilla, Seguridad Social,1394956,https://open.spotify.com/track/4cV6ld7uIs906zOwNscoBM
221,  Para No Olvidar, Los RodrÌguez,1946425,https://open.spotify.com/track/4cV6ld7uIs906zOwNscoBM
222, OlvÌdame Y Pega La Vuelta, Pimpinela,1845954,https://open.spotify.com/track/4cV6ld7uIs906zOwNscoBM
223,"Me Va, Me Va", Julio Iglesias ,1009788,https://open.spotify.com/track/4cV6ld7uIs906zOwNscoBM
224,øQuieres ser mi amante?,Camilo Sesto,1462856,https://open.spotify.com/track/4cV6ld7uIs906zOwNscoBM
225, La Chica De Plexigl·s, Aviador Dro,762891,https://open.spotify.com/track/4cV6ld7uIs906zOwNscoBM
226, Bailaremos (We Shall Dance),Demis Roussos,817522,https://open.spotify.com/track/4cV6ld7uIs906zOwNscoBM
227,La chica del Bikini Azul,Luis Miguel,1438221,https://open.spotify.com/track/4cV6ld7uIs906zOwNscoBM
228,Non Si PuÚ Morire Dentro,Gianni Bella,1176820,https://open.spotify.com/track/4cV6ld7uIs906zOwNscoBM
229,Princesa, JoaquÌn Sabina,884482,https://open.spotify.com/track/4cV6ld7uIs906zOwNscoBM
230,Azul,Cristian Castro,537729,https://open.spotify.com/track/4cV6ld7uIs906zOwNscoBM
231,66 Noches De Blanco SatÈn,Los Z,1381765,https://open.spotify.com/track/4cV6ld7uIs906zOwNscoBM
232,Desesperado,Cuisillos,917487,https://open.spotify.com/track/4cV6ld7uIs906zOwNscoBM
233, La Maladie DíAmour, Michel Sardou,781785,https://open.spotify.com/track/4cV6ld7uIs906zOwNscoBM
234,SeÒora,Los Enemigos ,1517897,https://open.spotify.com/track/4cV6ld7uIs906zOwNscoBM
235,Ven Sin Temor, Bruno Lomas,1722351,https://open.spotify.com/track/4cV6ld7uIs906zOwNscoBM
236,El Turista 1.999.999, Los Stop,1788420,https://open.spotify.com/track/4cV6ld7uIs906zOwNscoBM
237, Amigo, Roberto Carlos,1321846,https://open.spotify.com/track/4cV6ld7uIs906zOwNscoBM
238,La Culpa Fue Del Cha-Cha-Ch·, Gabinete Caligari,634034,https://open.spotify.com/track/4cV6ld7uIs906zOwNscoBM
239, Marilyn,TrÈbol,791267,https://open.spotify.com/track/4cV6ld7uIs906zOwNscoBM
240,Melina,Camilo Sesto,1788145,https://open.spotify.com/track/4cV6ld7uIs906zOwNscoBM
241,La Puerta negra,Los Tigres del Norte,1485630,https://open.spotify.com/track/4cV6ld7uIs906zOwNscoBM
242,Fresa Salvaje,Camilo Sesto,687879,https://open.spotify.com/track/4cV6ld7uIs906zOwNscoBM
243, Vive La Realidad, Los Brincos,1790525,https://open.spotify.com/track/4cV6ld7uIs906zOwNscoBM
244,Siete Vidas,Antonio Flores ,546137,https://open.spotify.com/track/4cV6ld7uIs906zOwNscoBM
245, Bamboleo,Gipsy Kings,1257621,https://open.spotify.com/track/4cV6ld7uIs906zOwNscoBM
246,D.J.,Dover ,1289494,https://open.spotify.com/track/4cV6ld7uIs906zOwNscoBM
247,El Prestamo,Maluma,981332,https://open.spotify.com/track/4cV6ld7uIs906zOwNscoBM
248, Hoy No Me Puedo Levantar,Mecano,924903,https://open.spotify.com/track/4cV6ld7uIs906zOwNscoBM
249, Txus, La Polla Records,913592,https://open.spotify.com/track/4cV6ld7uIs906zOwNscoBM
250,El Taxi,Los Dinos,1871711,https://open.spotify.com/track/4cV6ld7uIs906zOwNscoBM
251,Par de Anillos,Viento y Sol,1645649,https://open.spotify.com/track/4cV6ld7uIs906zOwNscoBM
252,Te Hice Mal,Los Temerarios,1344938,https://open.spotify.com/track/4cV6ld7uIs906zOwNscoBM
253, La Distancia, Roberto Carlos,1503965,https://open.spotify.com/track/4cV6ld7uIs906zOwNscoBM
254,CorazÛn PartÌo,Alejandro Sanz,1152452,https://open.spotify.com/track/4cV6ld7uIs906zOwNscoBM
255, La Vida Es Un Carnaval,Celia Cruz,1375173,https://open.spotify.com/track/4cV6ld7uIs906zOwNscoBM
256, Comerranas,Seguridad Social,1273182,https://open.spotify.com/track/4cV6ld7uIs906zOwNscoBM
257,Tocar Madera, Manolo Tena,1588429,https://open.spotify.com/track/4cV6ld7uIs906zOwNscoBM
258,Tu Nombre Me Sabe A Yerba, Joan Manuel Serrat,1013637,https://open.spotify.com/track/4cV6ld7uIs906zOwNscoBM
259, SeÒor Doctor,Los Payos,873858,https://open.spotify.com/track/4cV6ld7uIs906zOwNscoBM
260,La Ex (feat Jason Derulo),Maluma,1383012,https://open.spotify.com/track/4cV6ld7uIs906zOwNscoBM
261,Rebelde,RBD,1938452,https://open.spotify.com/track/4cV6ld7uIs906zOwNscoBM
262,Signo Libra,Grupo Libra,1547802,https://open.spotify.com/track/4cV6ld7uIs906zOwNscoBM
263, Chica Solitaria,Lone Star,1745531,https://open.spotify.com/track/4cV6ld7uIs906zOwNscoBM
264,La Senda Del Tiempo,Celtas Cortos,648296,https://open.spotify.com/track/4cV6ld7uIs906zOwNscoBM
265, Dame Veneno, Los Chunguitos,1015162,https://open.spotify.com/track/4cV6ld7uIs906zOwNscoBM
266,Suave,Luis Miguel,919432,https://open.spotify.com/track/4cV6ld7uIs906zOwNscoBM
267, Santo Santo,Gloria Estefan & SÛ Pra Contrariar,1260659,https://open.spotify.com/track/4cV6ld7uIs906zOwNscoBM
268, Lamento De Gaitas, Los Archiduques,992343,https://open.spotify.com/track/4cV6ld7uIs906zOwNscoBM
269," Caliente, Caliente", Raffaella Carr‡,1131323,https://open.spotify.com/track/4cV6ld7uIs906zOwNscoBM
270,Tantita Pena,Alejandro Fern·ndez,1682966,https://open.spotify.com/track/4cV6ld7uIs906zOwNscoBM
271,Los Mensajes del Whatsapp,Cartel De Santa,980482,https://open.spotify.com/track/4cV6ld7uIs906zOwNscoBM
272,øQuÈ de raro Tiene?,Los Temerarios,1634154,https://open.spotify.com/track/4cV6ld7uIs906zOwNscoBM
273," Quiz·s, Quiz·s, Quiz·s", Nat King Cole,917642,https://open.spotify.com/track/4cV6ld7uIs906zOwNscoBM
274, Valentino,Cadillac,745529,https://open.spotify.com/track/4cV6ld7uIs906zOwNscoBM
275,  Una Noche M·s, Jennifer Lopez,1136028,https://open.spotify.com/track/4cV6ld7uIs906zOwNscoBM
276,Nada de Nada,Marco Di Mauro,1733544,https://open.spotify.com/track/4cV6ld7uIs906zOwNscoBM
277,No Quiero Pensar En Ese Amor,MÛdulos ,1993676,https://open.spotify.com/track/4cV6ld7uIs906zOwNscoBM
278,El Beso, Los Javaloyas ,704176,https://open.spotify.com/track/4cV6ld7uIs906zOwNscoBM
279, SalomÈ,Chayanne,1628537,https://open.spotify.com/track/4cV6ld7uIs906zOwNscoBM
280,Eres Tonto,Lolita Garrido ,1703141,https://open.spotify.com/track/4cV6ld7uIs906zOwNscoBM
281,"Oh, Oh, July",Los Diablos,1084260,https://open.spotify.com/track/4cV6ld7uIs906zOwNscoBM
282,La Bomba,Ricky Martin ,978798,https://open.spotify.com/track/4cV6ld7uIs906zOwNscoBM
283,Mi Vida Sabe a ti,Marco Di Mauro,1088872,https://open.spotify.com/track/4cV6ld7uIs906zOwNscoBM
284, Maneras De Vivir,LeÒo,1493223,https://open.spotify.com/track/4cV6ld7uIs906zOwNscoBM
285, Que No Soy Yo, Joan Baptista Humet,1590479,https://open.spotify.com/track/4cV6ld7uIs906zOwNscoBM
286, Hijos De CaÌn, BarÛn Rojo,708687,https://open.spotify.com/track/4cV6ld7uIs906zOwNscoBM
287,Torero,Chayanne,1343232,https://open.spotify.com/track/4cV6ld7uIs906zOwNscoBM
288, La Luna Y El Toro, Los Centellas,1294743,https://open.spotify.com/track/4cV6ld7uIs906zOwNscoBM
289, La Colegiala,Gary Low,745517,https://open.spotify.com/track/4cV6ld7uIs906zOwNscoBM
290,Mientes,Enrique Iglesias,894850,https://open.spotify.com/track/4cV6ld7uIs906zOwNscoBM
291,"A Ti, Mujer",Juan Camacho ,1832589,https://open.spotify.com/track/4cV6ld7uIs906zOwNscoBM
292, Barcelona,Freddie Mercury & Monserrat CaballÈ,662783,https://open.spotify.com/track/4cV6ld7uIs906zOwNscoBM
293,El Clavo Remix (Feat Maluma),Prince Royce,889897,https://open.spotify.com/track/4cV6ld7uIs906zOwNscoBM
294,El Puente, Los Mismos ,1368707,https://open.spotify.com/track/4cV6ld7uIs906zOwNscoBM
295, Camino De La Cama,Siniestro Total,1074613,https://open.spotify.com/track/4cV6ld7uIs906zOwNscoBM
296,La Fuerza de Gravedad,Marco Di Mauro,1920163,https://open.spotify.com/track/4cV6ld7uIs906zOwNscoBM
297, Barco A Venus,Mecano,708721,https://open.spotify.com/track/4cV6ld7uIs906zOwNscoBM
298,Basta ya,Los Temerarios,522285,https://open.spotify.com/track/4cV6ld7uIs906zOwNscoBM
299,El Ansioso,Grupo Marrano,1446363,https://open.spotify.com/track/4cV6ld7uIs906zOwNscoBM
300," Tres Cosas (Salud, Dinero Y Amor)", Los Stop,1230900,https://open.spotify.com/track/4cV6ld7uIs906zOwNscoBM
301,Summer Of 69,Bryan Adams,911346,https://open.spotify.com/track/4cV6ld7uIs906zOwNscoBM
302, Sharing The Night Together, Dr. Hook,1116650,https://open.spotify.com/track/4cV6ld7uIs906zOwNscoBM
303,Together Forever,Rick Astley ,1049070,https://open.spotify.com/track/4cV6ld7uIs906zOwNscoBM
304, Our House, Madness,752491,https://open.spotify.com/track/4cV6ld7uIs906zOwNscoBM
305, Hotel California,Eagles,561909,https://open.spotify.com/track/4cV6ld7uIs906zOwNscoBM
306, You Canít Always Get What You Want,Rolling Stones,711832,https://open.spotify.com/track/4cV6ld7uIs906zOwNscoBM
307,Here With Me,Dido,538842,https://open.spotify.com/track/4cV6ld7uIs906zOwNscoBM
308,Heat Of The Moment, Asia ,1664665,https://open.spotify.com/track/4cV6ld7uIs906zOwNscoBM
309, Photograph,Ringo Starr,882713,https://open.spotify.com/track/4cV6ld7uIs906zOwNscoBM
310,Beyond Beatiful,Aerosmith,634142,https://open.spotify.com/track/4cV6ld7uIs906zOwNscoBM
311,Tarzan Boy,Baltimora,912904,https://open.spotify.com/track/4cV6ld7uIs906zOwNscoBM
312,Crazy,Aerosmith,642351,https://open.spotify.com/track/4cV6ld7uIs906zOwNscoBM
313,Please Mr. Postman,The Carpenters ,1819897,https://open.spotify.com/track/4cV6ld7uIs906zOwNscoBM
314, The Number Of The Beast,Iron Maiden,824294,https://open.spotify.com/track/4cV6ld7uIs906zOwNscoBM
315, Enola Gay,Orchestral Manoeuvres In The Dark,1035658,https://open.spotify.com/track/4cV6ld7uIs906zOwNscoBM
316, Tell It To My Heart,Taylor Dayne,1244691,https://open.spotify.com/track/4cV6ld7uIs906zOwNscoBM
317, Heart Of Glass, Blondie,576519,https://open.spotify.com/track/4cV6ld7uIs906zOwNscoBM
318,Romeo And Juliet, Dire Straits ,1815479,https://open.spotify.com/track/4cV6ld7uIs906zOwNscoBM
319, Just A Gigolo,David Lee Roth,1608294,https://open.spotify.com/track/4cV6ld7uIs906zOwNscoBM
320,Iíd Love You To Want Me,Lobo,1905432,https://open.spotify.com/track/4cV6ld7uIs906zOwNscoBM
321, Rescue Me, Fontella Bass,1310059,https://open.spotify.com/track/4cV6ld7uIs906zOwNscoBM
322, Video Killed The Radio Star,Buggles,1379190,https://open.spotify.com/track/4cV6ld7uIs906zOwNscoBM
323,In The Year 2525, Zager & Evans,875595,https://open.spotify.com/track/4cV6ld7uIs906zOwNscoBM
324, Everybody Wants To Rule The World,Tears For Fears,1806981,https://open.spotify.com/track/4cV6ld7uIs906zOwNscoBM
325,Me And Mrs. Jones,Billy Paul ,596073,https://open.spotify.com/track/4cV6ld7uIs906zOwNscoBM
326, MMMBop, Hanson,1159158,https://open.spotify.com/track/4cV6ld7uIs906zOwNscoBM
327,Congratulations,Cliff Richard ,1641075,https://open.spotify.com/track/4cV6ld7uIs906zOwNscoBM
328, Tubular Bells, Mike Oldfield,1082131,https://open.spotify.com/track/4cV6ld7uIs906zOwNscoBM
329,Careless Whisper,George Michael,1681303,https://open.spotify.com/track/4cV6ld7uIs906zOwNscoBM
330,Good Loviní,The Young Rascals,1460743,https://open.spotify.com/track/4cV6ld7uIs906zOwNscoBM
331, Iíll Stand By You,Pretenders,1652329,https://open.spotify.com/track/4cV6ld7uIs906zOwNscoBM
332,  Red River Rock,Johnny & The Hurricanes,1852950,https://open.spotify.com/track/4cV6ld7uIs906zOwNscoBM
333,Live Is Life,Opus ,1155508,https://open.spotify.com/track/4cV6ld7uIs906zOwNscoBM
334,My Name Is Jonas,Weezer,861546,https://open.spotify.com/track/4cV6ld7uIs906zOwNscoBM
335,Kings & Queens,Aerosmith,1560752,https://open.spotify.com/track/4cV6ld7uIs906zOwNscoBM
336,Ever Fallen In Love (With Someone You Shouldnítíve),Buzzcocks,1619330,https://open.spotify.com/track/4cV6ld7uIs906zOwNscoBM
337,Killer Queen,Queen ,800283,https://open.spotify.com/track/4cV6ld7uIs906zOwNscoBM
338, Hurricane,Bob Dylan,539792,https://open.spotify.com/track/4cV6ld7uIs906zOwNscoBM
339, Istanbul (Not Constantinople),They Might Be Giants,682060,https://open.spotify.com/track/4cV6ld7uIs906zOwNscoBM
340, I Donít Like Mondays,The Boomtown Rats,1882329,https://open.spotify.com/track/4cV6ld7uIs906zOwNscoBM
341, Ready Or Not, Fugees,1345864,https://open.spotify.com/track/4cV6ld7uIs906zOwNscoBM
342,Still Loving You,Scorpions,579073,https://open.spotify.com/track/4cV6ld7uIs906zOwNscoBM
343,Round and Round,Ratt,1594939,https://open.spotify.com/track/4cV6ld7uIs906zOwNscoBM
344,Relax,Frankie Goes To Hollywood,1339866,https://open.spotify.com/track/4cV6ld7uIs906zOwNscoBM
345,Devilís Haircut, Beck,1604205,https://open.spotify.com/track/4cV6ld7uIs906zOwNscoBM
346, Go West, Pet Shop Boys,569238,https://open.spotify.com/track/4cV6ld7uIs906zOwNscoBM
347,Long Tall Sally,Little Richard ,1331444,https://open.spotify.com/track/4cV6ld7uIs906zOwNscoBM
348, The Way To Your Heart,Soulsister,1893853,https://open.spotify.com/track/4cV6ld7uIs906zOwNscoBM
349, Sway, Rosemary Clooney & PÈrez Prado,1551766,https://open.spotify.com/track/4cV6ld7uIs906zOwNscoBM
350, Iíll Be Missing You,"Puff Daddy, Faith Evans & 911",773877,https://open.spotify.com/track/4cV6ld7uIs906zOwNscoBM
351, Hard Dayís Night, The Beatles,1164540,https://open.spotify.com/track/4cV6ld7uIs906zOwNscoBM
352, How Deep Is Your Love,Bee Gees,1759922,https://open.spotify.com/track/4cV6ld7uIs906zOwNscoBM
353,Smash,The Offspring,1082646,https://open.spotify.com/track/4cV6ld7uIs906zOwNscoBM
354, í74-í75,The Connells,1563566,https://open.spotify.com/track/4cV6ld7uIs906zOwNscoBM
355, Grooviní,The Young Rascals,1504669,https://open.spotify.com/track/4cV6ld7uIs906zOwNscoBM
356,Take My Breath Away,Berlin,677047,https://open.spotify.com/track/4cV6ld7uIs906zOwNscoBM
357,Time Bomb, Rancid ,621623,https://open.spotify.com/track/4cV6ld7uIs906zOwNscoBM
358,Ghetto Supastar (That Is What You Are)," Pras, Olí DB & Mya ",600774,https://open.spotify.com/track/4cV6ld7uIs906zOwNscoBM
359, Iíll Be There For You,The Rembrandts,548983,https://open.spotify.com/track/4cV6ld7uIs906zOwNscoBM
360,  Teenage Kicks,The Undertones,1279893,https://open.spotify.com/track/4cV6ld7uIs906zOwNscoBM
361, It Takes Two, Marvin Gaye & Kim Weston,708668,https://open.spotify.com/track/4cV6ld7uIs906zOwNscoBM
362, Donít Speak,No Doubt,1702201,https://open.spotify.com/track/4cV6ld7uIs906zOwNscoBM
363,Drive, The Cars,714820,https://open.spotify.com/track/4cV6ld7uIs906zOwNscoBM
364, Dear Mama,2Pac,506367,https://open.spotify.com/track/4cV6ld7uIs906zOwNscoBM
365,Take My Breath,The Weeknd,1287417,https://open.spotify.com/track/4cV6ld7uIs906zOwNscoBM
366, In The Midnight Hour, Wilson Pickett,1621535,https://open.spotify.com/track/4cV6ld7uIs906zOwNscoBM
367, Girls Just Want To Have Fun,Cyndi Lauper,1371913,https://open.spotify.com/track/4cV6ld7uIs906zOwNscoBM
368, There She Goes, The Laís,1283416,https://open.spotify.com/track/4cV6ld7uIs906zOwNscoBM
369, Manic Monday,Bangles,1556007,https://open.spotify.com/track/4cV6ld7uIs906zOwNscoBM
370, Youíre Still The One,Shania Twain,1813867,https://open.spotify.com/track/4cV6ld7uIs906zOwNscoBM
371, Personal Jesus,Depeche Mode,1974948,https://open.spotify.com/track/4cV6ld7uIs906zOwNscoBM
372, She Drives Me Crazy,Fine Young Cannibals,1590200,https://open.spotify.com/track/4cV6ld7uIs906zOwNscoBM
373, Sweet Dreams (Are Made Of This),Marilyn Manson,1306164,https://open.spotify.com/track/4cV6ld7uIs906zOwNscoBM
374,The Great Pretender,The Platters,1190575,https://open.spotify.com/track/4cV6ld7uIs906zOwNscoBM
375, All Right Now,Free ,679351,https://open.spotify.com/track/4cV6ld7uIs906zOwNscoBM
376,Thriller,Michael Jackson,1197637,https://open.spotify.com/track/4cV6ld7uIs906zOwNscoBM
377, Speedy Gonzales,Pat Boone & Trini Lopez,1727685,https://open.spotify.com/track/4cV6ld7uIs906zOwNscoBM
378,When Doves Cry,Prince ,1913093,https://open.spotify.com/track/4cV6ld7uIs906zOwNscoBM
379,Still D.R.E. (feat Snoop Dogg & Nate Dogg),Dr. Dre,513588,https://open.spotify.com/track/4cV6ld7uIs906zOwNscoBM
380,Goodbye Yellow Brick Road,Elton John,1419296,https://open.spotify.com/track/4cV6ld7uIs906zOwNscoBM
381, Rock And Roll,Led Zeppelin,1399355,https://open.spotify.com/track/4cV6ld7uIs906zOwNscoBM
382,Learning To Fly,Tom Petty & The Heartbreakers,1585534,https://open.spotify.com/track/4cV6ld7uIs906zOwNscoBM
383, Nikita,Elton John,1007199,https://open.spotify.com/track/4cV6ld7uIs906zOwNscoBM
384, Wannabe,Spice Girls,1361184,https://open.spotify.com/track/4cV6ld7uIs906zOwNscoBM
385, Iím Waiting For The Man,The Velvet Underground,1657569,https://open.spotify.com/track/4cV6ld7uIs906zOwNscoBM
386, Shout,The Isley Brothers,951300,https://open.spotify.com/track/4cV6ld7uIs906zOwNscoBM
387, With a Little Help From My Friends,Joe Cocker,1357543,https://open.spotify.com/track/4cV6ld7uIs906zOwNscoBM
388,Dream On,Aerosmith,1248424,https://open.spotify.com/track/4cV6ld7uIs906zOwNscoBM
389, Welcome To The Jungle,Guns ëNí Roses,1130070,https://open.spotify.com/track/4cV6ld7uIs906zOwNscoBM
390,My Heart Will Go On, Celine Dion,1352321,https://open.spotify.com/track/4cV6ld7uIs906zOwNscoBM
391,In The Shadows,The Rasmus,1362547,https://open.spotify.com/track/4cV6ld7uIs906zOwNscoBM
392, Ma Baker,Boney M,1455485,https://open.spotify.com/track/4cV6ld7uIs906zOwNscoBM
393,  Nothing Else Matters,Metallica,1736628,https://open.spotify.com/track/4cV6ld7uIs906zOwNscoBM
394, All The Small Things, Blink 182,1662589,https://open.spotify.com/track/4cV6ld7uIs906zOwNscoBM
395, Nothingís Gonna Stop Us Now, Starship,1331590,https://open.spotify.com/track/4cV6ld7uIs906zOwNscoBM
396,Livin' In A World Without You,The Rasmus,1718319,https://open.spotify.com/track/4cV6ld7uIs906zOwNscoBM
397,Sunny,Bobby Hebb,1699278,https://open.spotify.com/track/4cV6ld7uIs906zOwNscoBM
398,Toy Soldiers, Martika,975449,https://open.spotify.com/track/4cV6ld7uIs906zOwNscoBM
399, Have You Ever Seen The Rain,Creedence Clearwater Revival,1851033,https://open.spotify.com/track/4cV6ld7uIs906zOwNscoBM
400, Lola,The Kinks,1908634,https://open.spotify.com/track/4cV6ld7uIs906zOwNscoBM
401,The Twist ,Chubby Checker,3436771,https://open.spotify.com/track/4cV6ld7uIs906zOwNscoBM
402,Smooth,Santana Feat. Rob Thomas,4371923,https://open.spotify.com/track/4cV6ld7uIs906zOwNscoBM
403,Mack the Knife,Bobby Darin,1127448,https://open.spotify.com/track/4cV6ld7uIs906zOwNscoBM
404,Uptown Funk!  (Feat. Bruno Mars),Mark Ronson ,1908227,https://open.spotify.com/track/4cV6ld7uIs906zOwNscoBM
405,How Do I Live ,Leann Rimes,1724177,https://open.spotify.com/track/4cV6ld7uIs906zOwNscoBM
406,Party Rock Anthem  ( Feat. Lauren Bennett & GoonRock),LMFAO,3255658,https://open.spotify.com/track/4cV6ld7uIs906zOwNscoBM
407, I Gotta Feeling ,The Black Eyed Peas,915175,https://open.spotify.com/track/4cV6ld7uIs906zOwNscoBM
408,Macarena (Bayside Boys Mix),Los Del Rio,4470417,https://open.spotify.com/track/4cV6ld7uIs906zOwNscoBM
409,Shape of You,Ed Sheeran,885603,https://open.spotify.com/track/4cV6ld7uIs906zOwNscoBM
410, Physical,Olivia Newton-John,4326445,https://open.spotify.com/track/4cV6ld7uIs906zOwNscoBM
411,You Light Up My Life,Debby Boone,4203411,https://open.spotify.com/track/4cV6ld7uIs906zOwNscoBM
412,Hey Jude ,The Beatles,2826144,https://open.spotify.com/track/4cV6ld7uIs906zOwNscoBM
413,Closer  ( Feat. Halsey),The Chainsmokers,4065066,https://open.spotify.com/track/4cV6ld7uIs906zOwNscoBM
414, We Belong Together,Mariah Carey,3493984,https://open.spotify.com/track/4cV6ld7uIs906zOwNscoBM
415,Un-Break My Heart,Toni Braxton,1310379,https://open.spotify.com/track/4cV6ld7uIs906zOwNscoBM
416,Yeah! (Feat. Lil Jon & Ludacris),Usher ,2684155,https://open.spotify.com/track/4cV6ld7uIs906zOwNscoBM
417, Bette Davis Eyes,Kim Carnes,2070927,https://open.spotify.com/track/4cV6ld7uIs906zOwNscoBM
418,Endless Love ,Diana Ross & Lionel Richie,2318097,https://open.spotify.com/track/4cV6ld7uIs906zOwNscoBM
419, Tonightís the Night (Gonna Be Alright),Rod Stewart,2005766,https://open.spotify.com/track/4cV6ld7uIs906zOwNscoBM
420,You Were Meant for Me/Foolish Games ,Jewel,1988333,https://open.spotify.com/track/4cV6ld7uIs906zOwNscoBM
421,(Everything I Do) I Do It for You,Bryan Adams,3659838,https://open.spotify.com/track/4cV6ld7uIs906zOwNscoBM
422,Iíll Make Love to You,Boyz II Men,2015348,https://open.spotify.com/track/4cV6ld7uIs906zOwNscoBM
423,The Theme From ìA Summer Placeî,Percy Faith & His Orchestra,916389,https://open.spotify.com/track/4cV6ld7uIs906zOwNscoBM
424, Le Freak,Chic,971254,https://open.spotify.com/track/4cV6ld7uIs906zOwNscoBM
425,Stayin' Alive,Bee Gees,4087322,https://open.spotify.com/track/4cV6ld7uIs906zOwNscoBM
426, Eye of the Tiger,Survivor,3579691,https://open.spotify.com/track/4cV6ld7uIs906zOwNscoBM
427,We Found Love ( Feat. Calvin Harris),Rihanna,2919009,https://open.spotify.com/track/4cV6ld7uIs906zOwNscoBM
428, Low (Feat. T-Pain),Flo Rida ,1315930,https://open.spotify.com/track/4cV6ld7uIs906zOwNscoBM
429,Just Want to Be Your Everything,Andy Gibb,1725656,https://open.spotify.com/track/4cV6ld7uIs906zOwNscoBM
430, Too Close,Next,506815,https://open.spotify.com/track/4cV6ld7uIs906zOwNscoBM
431,Every Breath You Take,The Police,1548292,https://open.spotify.com/track/4cV6ld7uIs906zOwNscoBM
432, Somebody That I Used to Know  ( Feat. Kimbra),Gotye,1784672,https://open.spotify.com/track/4cV6ld7uIs906zOwNscoBM
433,Despacito (Feat Daddy Yankee),Luis Fonsi ,3841138,https://open.spotify.com/track/4cV6ld7uIs906zOwNscoBM
434,FlashdanceÖ What a Feeling,Irene Cara,2955124,https://open.spotify.com/track/4cV6ld7uIs906zOwNscoBM
435,Rolling in the Deep,Adele,764261,https://open.spotify.com/track/4cV6ld7uIs906zOwNscoBM
436,Tossiní and Turniní,Bobby Lewis,1276053,https://open.spotify.com/track/4cV6ld7uIs906zOwNscoBM
437,The Battle of New Orleans,Johnny Horton,4120658,https://open.spotify.com/track/4cV6ld7uIs906zOwNscoBM
438, One Sweet Day,Mariah Carey & Boyz II Men,2657930,https://open.spotify.com/track/4cV6ld7uIs906zOwNscoBM
439,Truly Madly Deeply,Savage Garden,1571034,https://open.spotify.com/track/4cV6ld7uIs906zOwNscoBM
440,Silly Love Songs,Wings,2657999,https://open.spotify.com/track/4cV6ld7uIs906zOwNscoBM
441, Letís Get It On,Marvin Gaye,1260622,https://open.spotify.com/track/4cV6ld7uIs906zOwNscoBM
442, Night Fever,Bee Gees,3585313,https://open.spotify.com/track/4cV6ld7uIs906zOwNscoBM
443, Another One Bites the Dust,Queen ,2295404,https://open.spotify.com/track/4cV6ld7uIs906zOwNscoBM
444,Say Say Say (Feat Michael Jackson),Paul McCartney,1750591,https://open.spotify.com/track/4cV6ld7uIs906zOwNscoBM
445, How You Remind Me,Nickelback,1195775,https://open.spotify.com/track/4cV6ld7uIs906zOwNscoBM
446, Tie a Yellow Ribbon Round the Ole Oak Tree (Feat. Tony Orlando),Dawn,4027177,https://open.spotify.com/track/4cV6ld7uIs906zOwNscoBM
447, Itís All in the Game,Tommy Edwards,2687893,https://open.spotify.com/track/4cV6ld7uIs906zOwNscoBM
448,I Want to Hold Your Hand ,The Beatles,3668492,https://open.spotify.com/track/4cV6ld7uIs906zOwNscoBM
449,Shadow Dancing,Andy Gibb,995618,https://open.spotify.com/track/4cV6ld7uIs906zOwNscoBM
450, Call Me Maybe,Carly Rae Jepsen,1779728,https://open.spotify.com/track/4cV6ld7uIs906zOwNscoBM
451, Blurred Lines  ( Feat. T.I. + Pharrell),Robin Thicke,3010050,https://open.spotify.com/track/4cV6ld7uIs906zOwNscoBM
452,Candle in the Wind ñ 1997/Something About the Way You Look Tonight ,Elton John,3724929,https://open.spotify.com/track/4cV6ld7uIs906zOwNscoBM
453, No One,Alicia Keys,2087252,https://open.spotify.com/track/4cV6ld7uIs906zOwNscoBM
454,I Will Always Love You ,Whitney Houston,2019572,https://open.spotify.com/track/4cV6ld7uIs906zOwNscoBM
455,End of the Road,Boyz II Men,1976762,https://open.spotify.com/track/4cV6ld7uIs906zOwNscoBM
456,Boom Boom Pow ,The Black Eyed Peas,2814336,https://open.spotify.com/track/4cV6ld7uIs906zOwNscoBM
457,Call Me ,Blondie,4355318,https://open.spotify.com/track/4cV6ld7uIs906zOwNscoBM
458,Let Me Love You,Mario,794817,https://open.spotify.com/track/4cV6ld7uIs906zOwNscoBM
459,I Believe I Can Fly,R. Kelly,2458014,https://open.spotify.com/track/4cV6ld7uIs906zOwNscoBM
460, Lady,Kenny Rogers,899223,https://open.spotify.com/track/4cV6ld7uIs906zOwNscoBM
461, TiK ToK,KeSha,4279380,https://open.spotify.com/track/4cV6ld7uIs906zOwNscoBM
462, Iím a Believer,The Monkees,2747261,https://open.spotify.com/track/4cV6ld7uIs906zOwNscoBM
463,Gold Digger ( Feat. Jamie Foxx),Kanye West,2791099,https://open.spotify.com/track/4cV6ld7uIs906zOwNscoBM
464,Apologize (Feat. OneRepublic),Timbaland ,2482488,https://open.spotify.com/track/4cV6ld7uIs906zOwNscoBM
465,The Sign,Ace Of Base,1231952,https://open.spotify.com/track/4cV6ld7uIs906zOwNscoBM
466,Centerfold,The J. Geils Band,1874475,https://open.spotify.com/track/4cV6ld7uIs906zOwNscoBM
467, All About That Bass,Meghan Trainor,2535152,https://open.spotify.com/track/4cV6ld7uIs906zOwNscoBM
468,(Just Like) Starting Over,John Lennon,2668393,https://open.spotify.com/track/4cV6ld7uIs906zOwNscoBM
469,Royals,Lorde,2346048,https://open.spotify.com/track/4cV6ld7uIs906zOwNscoBM
470, The Boy Is Mine ,Brandy & Monica,3275560,https://open.spotify.com/track/4cV6ld7uIs906zOwNscoBM
471,Because I Love You (The Postman Song) ,Stevie B,952980,https://open.spotify.com/track/4cV6ld7uIs906zOwNscoBM
472, I Love Rock íN Rolln,Joan Jett & the Blackhearts,4027328,https://open.spotify.com/track/4cV6ld7uIs906zOwNscoBM
473,Aquarius/Let the Sunshine In ,The 5th Dimension,1575820,https://open.spotify.com/track/4cV6ld7uIs906zOwNscoBM
474, Whoomp! (There It Is) ,Tag Team,512434,https://open.spotify.com/track/4cV6ld7uIs906zOwNscoBM
475,Moves Like Jagger (Feat. Christina Aguilera),Maroon 5 ,4445483,https://open.spotify.com/track/4cV6ld7uIs906zOwNscoBM
476,Ebony and Ivory  (Feat Stevie Wonder),Paul McCartney ,1997509,https://open.spotify.com/track/4cV6ld7uIs906zOwNscoBM
477, Rush Rush ,Paula Abdul,2609733,https://open.spotify.com/track/4cV6ld7uIs906zOwNscoBM
478,Thatís What Friends Are For,Dionne & Friends,4080226,https://open.spotify.com/track/4cV6ld7uIs906zOwNscoBM
479,Happy,Pharrell Williams,778382,https://open.spotify.com/track/4cV6ld7uIs906zOwNscoBM
480,Upside Down,Diana Ross,2642974,https://open.spotify.com/track/4cV6ld7uIs906zOwNscoBM
481,"Sugar, Sugar",The Archies,1708585,https://open.spotify.com/track/4cV6ld7uIs906zOwNscoBM
482, Just the Way You Are,Bruno Mars,1026471,https://open.spotify.com/track/4cV6ld7uIs906zOwNscoBM
483,Dilemma (Feat. Kelly Rowland),Nelly ,1455532,https://open.spotify.com/track/4cV6ld7uIs906zOwNscoBM
484, I Heard It Through the Grapevine,Marvin Gaye,2297149,https://open.spotify.com/track/4cV6ld7uIs906zOwNscoBM
485,Youíre Still the One ,Shania Twain,885276,https://open.spotify.com/track/4cV6ld7uIs906zOwNscoBM
486,Billie Jean,Michael Jackson,4126748,https://open.spotify.com/track/4cV6ld7uIs906zOwNscoBM
487,Hot Stuff,Donna Summer,2413668,https://open.spotify.com/track/4cV6ld7uIs906zOwNscoBM
488,Rockstar (Feat. 21 Savage),Post Malone,3950770,https://open.spotify.com/track/4cV6ld7uIs906zOwNscoBM
489, Gangstaís Paradise ,Coolio,2463021,https://open.spotify.com/track/4cV6ld7uIs906zOwNscoBM
490,Abracadabra ,The Steve Miller Band,3463020,https://open.spotify.com/track/4cV6ld7uIs906zOwNscoBM
491,Perfect,Ed Sheeran,4200751,https://open.spotify.com/track/4cV6ld7uIs906zOwNscoBM
492, Youíre So Vain,Carly Simon,4322555,https://open.spotify.com/track/4cV6ld7uIs906zOwNscoBM
493,Play That Funky Music,Wild Cherry,3242407,https://open.spotify.com/track/4cV6ld7uIs906zOwNscoBM
494,"Say You, Say Me",Lionel Richie,3123443,https://open.spotify.com/track/4cV6ld7uIs906zOwNscoBM
495,My Sharona,The Knack,1693596,https://open.spotify.com/track/4cV6ld7uIs906zOwNscoBM
496, All Night Long (All Night),Lionel Richie,1597519,https://open.spotify.com/track/4cV6ld7uIs906zOwNscoBM
497, Nothing Compares 2 U,Sin…ad OíConnor,1378847,https://open.spotify.com/track/4cV6ld7uIs906zOwNscoBM
498, I Swear,All-4-One,3508849,https://open.spotify.com/track/4cV6ld7uIs906zOwNscoBM
499,Family Affair,Mary J. Blige,2706011,https://open.spotify.com/track/4cV6ld7uIs906zOwNscoBM
500, Waiting for a Girl Like You,Foreigner,3707083,https://open.spotify.com/track/4cV6ld7uIs906zOwNscoBM
501,Promiscuous (Feat Timbaland),Nelly Furtado,2833840,https://open.spotify.com/track/4cV6ld7uIs906zOwNscoBM
502,How Do I Make You Love Me?,The Weeknd,1687958,https://open.spotify.com/track/4cV6ld7uIs906zOwNscoBM
503,Field Of bones,Black Veil Brides,613810,https://open.spotify.com/track/4cV6ld7uIs906zOwNscoBM
504,We Don't Have To Dance,Andy Black,4164627,https://open.spotify.com/track/4cV6ld7uIs906zOwNscoBM
505,Secrets,The Weeknd,4462782,https://open.spotify.com/track/4cV6ld7uIs906zOwNscoBM
506,Control,DivisiÛn Minuscula,4001065,https://open.spotify.com/track/4cV6ld7uIs906zOwNscoBM
507,Sucker,Jonas Brothers,3811697,https://open.spotify.com/track/4cV6ld7uIs906zOwNscoBM
508,A Dios le Pido,Juanes,1013073,https://open.spotify.com/track/4cV6ld7uIs906zOwNscoBM
509,A Esa,Pimpinela,2354320,https://open.spotify.com/track/4cV6ld7uIs906zOwNscoBM
510,Vivir AsÌ es Morir de Amor,Camilo Sesto,594832,https://open.spotify.com/track/4cV6ld7uIs906zOwNscoBM
511,Scarlet Cross,Black Veil Brides,4113518,https://open.spotify.com/track/4cV6ld7uIs906zOwNscoBM
512,Mi Amigo Bronco,Bronco,650243,https://open.spotify.com/track/4cV6ld7uIs906zOwNscoBM
513,M·s que tu amigo,Marco Antonio Solis,1222776,https://open.spotify.com/track/4cV6ld7uIs906zOwNscoBM
514,Jealous,Nick Jonas,3393883,https://open.spotify.com/track/4cV6ld7uIs906zOwNscoBM
515,Livin' On A Prayer,Bon Jovi,1310490,https://open.spotify.com/track/4cV6ld7uIs906zOwNscoBM
516,Close (Feat Tove Lo),Nick Jonas,3907070,https://open.spotify.com/track/4cV6ld7uIs906zOwNscoBM
517,Smooth Criminal,Michael Jackson,3178195,https://open.spotify.com/track/4cV6ld7uIs906zOwNscoBM
518,Only Human,Jonas Brothers,2479147,https://open.spotify.com/track/4cV6ld7uIs906zOwNscoBM
519,Perros,Cartel De Santa,672146,https://open.spotify.com/track/4cV6ld7uIs906zOwNscoBM
520,I Know You Want Me (Feat Calle 8),Pitbull,3352980,https://open.spotify.com/track/4cV6ld7uIs906zOwNscoBM
521,No Se Me Quita (Feat Ricky Martin),Maluma,863070,https://open.spotify.com/track/4cV6ld7uIs906zOwNscoBM
522,Beatiful Monster,Ne-Yo,4317902,https://open.spotify.com/track/4cV6ld7uIs906zOwNscoBM
523,Tur Off The light,Nelly Furtado,767551,https://open.spotify.com/track/4cV6ld7uIs906zOwNscoBM
524,Just A Dream,Nelly ,3294326,https://open.spotify.com/track/4cV6ld7uIs906zOwNscoBM
525,Frijolero,Molotov,1871446,https://open.spotify.com/track/4cV6ld7uIs906zOwNscoBM
526,Fuck You And All Your Friends,Falling In Reverse,3305316,https://open.spotify.com/track/4cV6ld7uIs906zOwNscoBM
527,Fun (Feat Chris Brown),Pitbull,4153026,https://open.spotify.com/track/4cV6ld7uIs906zOwNscoBM
528,Y tu te vas,Chayanne,940010,https://open.spotify.com/track/4cV6ld7uIs906zOwNscoBM
529,Tripping,Robbie Williams,768663,https://open.spotify.com/track/4cV6ld7uIs906zOwNscoBM
530,Body Moves,DNCE,3490880,https://open.spotify.com/track/4cV6ld7uIs906zOwNscoBM
531,Adore You,Harry Styles,2674338,https://open.spotify.com/track/4cV6ld7uIs906zOwNscoBM
532,Rock You Like A Hurricane,Scorpions,3115165,https://open.spotify.com/track/4cV6ld7uIs906zOwNscoBM
533,Golden,Harry Styles,1569708,https://open.spotify.com/track/4cV6ld7uIs906zOwNscoBM
534,Losing My Life,Falling In Reverse,4322955,https://open.spotify.com/track/4cV6ld7uIs906zOwNscoBM
535,Feelin' Single,R. Kelly,3589019,https://open.spotify.com/track/4cV6ld7uIs906zOwNscoBM
536,Medicine,Bring Me The Horizon,1147088,https://open.spotify.com/track/4cV6ld7uIs906zOwNscoBM
537,Mclovin,Robot,2469852,https://open.spotify.com/track/4cV6ld7uIs906zOwNscoBM
538,Say 10,Marilyn Manson,1940829,https://open.spotify.com/track/4cV6ld7uIs906zOwNscoBM
539,Perfect Weapon,Black Veil Brides,544313,https://open.spotify.com/track/4cV6ld7uIs906zOwNscoBM
540,Summer,Calvin Harris,1129319,https://open.spotify.com/track/4cV6ld7uIs906zOwNscoBM
541,For You (Feat Liam Payne),Rita Ora,4007035,https://open.spotify.com/track/4cV6ld7uIs906zOwNscoBM
542,Another Love Song,Ne-Yo,4223007,https://open.spotify.com/track/4cV6ld7uIs906zOwNscoBM
543,Right Now,Nick Jonas,2584149,https://open.spotify.com/track/4cV6ld7uIs906zOwNscoBM
544,Cool For The Summer,Demi Lovato,2829481,https://open.spotify.com/track/4cV6ld7uIs906zOwNscoBM
545,All About Us,Jordan Fisher,520980,https://open.spotify.com/track/4cV6ld7uIs906zOwNscoBM
546,Done For Me (Feat Kehlani),Charlie Puth,1418780,https://open.spotify.com/track/4cV6ld7uIs906zOwNscoBM
547,Dirty Work,Austin Mahone,1926031,https://open.spotify.com/track/4cV6ld7uIs906zOwNscoBM
548,Havana,Camila Cabello,955194,https://open.spotify.com/track/4cV6ld7uIs906zOwNscoBM
549,Losing My Mind,Falling In Reverse,1431780,https://open.spotify.com/track/4cV6ld7uIs906zOwNscoBM
550,Es Por Ti,Juanes,1158923,https://open.spotify.com/track/4cV6ld7uIs906zOwNscoBM
551,Attention,Charlie Puth,3612106,https://open.spotify.com/track/4cV6ld7uIs906zOwNscoBM
552,Love Me Harder (Feat The Weeknd),Ariana Grande,509732,https://open.spotify.com/track/4cV6ld7uIs906zOwNscoBM
553,Yo perreo sola,Bad Bunny,1306041,https://open.spotify.com/track/4cV6ld7uIs906zOwNscoBM
554,The Show Must Go On,Queen ,3190989,https://open.spotify.com/track/4cV6ld7uIs906zOwNscoBM
555,It's My Life,Bon Jovi,1295504,https://open.spotify.com/track/4cV6ld7uIs906zOwNscoBM
556,What Is Love?,Haddaway,2219434,https://open.spotify.com/track/4cV6ld7uIs906zOwNscoBM
557,Sin Contrato,Maluma,2031184,https://open.spotify.com/track/4cV6ld7uIs906zOwNscoBM
558,Liar,Camila Cabello,716488,https://open.spotify.com/track/4cV6ld7uIs906zOwNscoBM
559,Physical,Dua Lipa,2738703,https://open.spotify.com/track/4cV6ld7uIs906zOwNscoBM
560,Sweet Emotion,Aerosmith,3841970,https://open.spotify.com/track/4cV6ld7uIs906zOwNscoBM
561,All I'm Gonna Take It,Autograph,1366018,https://open.spotify.com/track/4cV6ld7uIs906zOwNscoBM
562,Looks That Kill,Motley Crue,1754302,https://open.spotify.com/track/4cV6ld7uIs906zOwNscoBM
563,Caribbean Queen (No More Love On The Run),Billy Ocean,3710537,https://open.spotify.com/track/4cV6ld7uIs906zOwNscoBM
564,Working For The Weekend,Loverboy,2162334,https://open.spotify.com/track/4cV6ld7uIs906zOwNscoBM
565,Mamacita,Jason Derulo,3271471,https://open.spotify.com/track/4cV6ld7uIs906zOwNscoBM
566,Cake By The Ocean,DNCE,4063449,https://open.spotify.com/track/4cV6ld7uIs906zOwNscoBM
567,Hold The Line,Toto,2974444,https://open.spotify.com/track/4cV6ld7uIs906zOwNscoBM
568,Run Away With Me,Carly Rae Jepsen,3695336,https://open.spotify.com/track/4cV6ld7uIs906zOwNscoBM
569,Dirty Dancer (Feat Usher & Lil Wayne),Enrique Iglesias,3749492,https://open.spotify.com/track/4cV6ld7uIs906zOwNscoBM
570,Bones,Young Guns,1286779,https://open.spotify.com/track/4cV6ld7uIs906zOwNscoBM
571,Justify ,The Rasmus,1770400,https://open.spotify.com/track/4cV6ld7uIs906zOwNscoBM
572,Torch,Black Veil Brides,3381879,https://open.spotify.com/track/4cV6ld7uIs906zOwNscoBM
573,Popular Monster,Falling In Reverse,1046513,https://open.spotify.com/track/4cV6ld7uIs906zOwNscoBM
574,Te Quiero,Maluma,1803352,https://open.spotify.com/track/4cV6ld7uIs906zOwNscoBM
575,Familiar (Feat J Balvin),Liam Payne,3425012,https://open.spotify.com/track/4cV6ld7uIs906zOwNscoBM
576,Easy,Lionel Richie,1773325,https://open.spotify.com/track/4cV6ld7uIs906zOwNscoBM
577,Come To My Life,Rick James,2336991,https://open.spotify.com/track/4cV6ld7uIs906zOwNscoBM
578,Kickstar My Heart,Motley Crue,3022403,https://open.spotify.com/track/4cV6ld7uIs906zOwNscoBM
579,2 Minutes To Midnight,Iron Maiden,567430,https://open.spotify.com/track/4cV6ld7uIs906zOwNscoBM
580,Hollywood Tonight,Michael Jackson,1946577,https://open.spotify.com/track/4cV6ld7uIs906zOwNscoBM
581,Can't Feel My Face,The Weeknd,1750746,https://open.spotify.com/track/4cV6ld7uIs906zOwNscoBM
582,Papercut,Linkin Park,1280906,https://open.spotify.com/track/4cV6ld7uIs906zOwNscoBM
583,Welcome To My Life,Simple Plan,2748133,https://open.spotify.com/track/4cV6ld7uIs906zOwNscoBM
584,Feel Invincible,Skillet,1864033,https://open.spotify.com/track/4cV6ld7uIs906zOwNscoBM
585,11 P.M,Maluma,1230718,https://open.spotify.com/track/4cV6ld7uIs906zOwNscoBM
586,Call Me ,Go West,967347,https://open.spotify.com/track/4cV6ld7uIs906zOwNscoBM
587,Run To You,Bryan Adams,1538323,https://open.spotify.com/track/4cV6ld7uIs906zOwNscoBM
588,Queen Of The Reich,Queensryche,3576105,https://open.spotify.com/track/4cV6ld7uIs906zOwNscoBM
589,Outside (Feat Ellie Goulding),Calvin Harris,2883493,https://open.spotify.com/track/4cV6ld7uIs906zOwNscoBM
590,Love Me Again,John Newman,2758882,https://open.spotify.com/track/4cV6ld7uIs906zOwNscoBM
591,Sextime,R. Kelly,4447571,https://open.spotify.com/track/4cV6ld7uIs906zOwNscoBM
592,Ones & Zeros,Young Guns,1766590,https://open.spotify.com/track/4cV6ld7uIs906zOwNscoBM
593,What I've Done,Linkin Park,1656332,https://open.spotify.com/track/4cV6ld7uIs906zOwNscoBM
594,Flashing Lights,Kanye West,1574313,https://open.spotify.com/track/4cV6ld7uIs906zOwNscoBM
595,Dj Play A Love Song,Jamie Foxx,2003555,https://open.spotify.com/track/4cV6ld7uIs906zOwNscoBM
596,Rainy Day,Ice Nine Kills,2377589,https://open.spotify.com/track/4cV6ld7uIs906zOwNscoBM
597,Ocean Drive,Duke Dummont,2407899,https://open.spotify.com/track/4cV6ld7uIs906zOwNscoBM
598,Speaking In Tongues,Young Guns,4178859,https://open.spotify.com/track/4cV6ld7uIs906zOwNscoBM
599,Closer,Ne-Yo,2520279,https://open.spotify.com/track/4cV6ld7uIs906zOwNscoBM
600,I'm Free (Heaven Helps The Man),Kenny Loggins,3339490,https://open.spotify.com/track/4cV6ld7uIs906zOwNscoBM
601,El Perdedor,Maluma,653601,https://open.spotify.com/track/4cV6ld7uIs906zOwNscoBM
602,Danza Kuduro (Feat Lucenzo),Don Omar,1361215,https://open.spotify.com/track/4cV6ld7uIs906zOwNscoBM
603,Amorfoda,Bad Bunny,765203,https://open.spotify.com/track/4cV6ld7uIs906zOwNscoBM
604,Radio GaGa,Queen,3209338,https://open.spotify.com/track/4cV6ld7uIs906zOwNscoBM
605,Happy Summertime (Feat Snoop Dogg),R. Kelly,2365222,https://open.spotify.com/track/4cV6ld7uIs906zOwNscoBM
606,"Sucker for Pain (Feat Wiz Khalifa & Imagine Dragons w/ Logic & Ty Dolla $ign, X Ambassadors)",Lil Wayne,2228240,https://open.spotify.com/track/4cV6ld7uIs906zOwNscoBM
607,Heathens,Twenty One Pilots,3080897,https://open.spotify.com/track/4cV6ld7uIs906zOwNscoBM
608,Believer,Imagine Dragons,2125487,https://open.spotify.com/track/4cV6ld7uIs906zOwNscoBM
609,Ludens,Bring Me The Horizon,2503581,https://open.spotify.com/track/4cV6ld7uIs906zOwNscoBM
610,Because Of You,Ne-Yo,1430564,https://open.spotify.com/track/4cV6ld7uIs906zOwNscoBM
611,God is  a Woman,Ariana Grande,3793202,https://open.spotify.com/track/4cV6ld7uIs906zOwNscoBM
612,I Want It That Way,Backstreet Boys,2612166,https://open.spotify.com/track/4cV6ld7uIs906zOwNscoBM
613,Stronger,Kanye West,3966480,https://open.spotify.com/track/4cV6ld7uIs906zOwNscoBM
614,Mmm Yeah (Feat Pitbull),Austin Mahone,3448083,https://open.spotify.com/track/4cV6ld7uIs906zOwNscoBM
615,I really like you,Carly Rae Jepsen,2572060,https://open.spotify.com/track/4cV6ld7uIs906zOwNscoBM
616,My Angel,Prince Royce,2057341,https://open.spotify.com/track/4cV6ld7uIs906zOwNscoBM
617,Everybody (Backstreets Back) (Radio Edit),Backstreet Boys,4281790,https://open.spotify.com/track/4cV6ld7uIs906zOwNscoBM
618,Mariposa Traicionera,Mana,3295124,https://open.spotify.com/track/4cV6ld7uIs906zOwNscoBM
619,Bye Bye Bye,Nsync,2991811,https://open.spotify.com/track/4cV6ld7uIs906zOwNscoBM
620,All That She Wants,Ace Of Base,3476229,https://open.spotify.com/track/4cV6ld7uIs906zOwNscoBM
621,Baby One More Time,Britney Spears,843227,https://open.spotify.com/track/4cV6ld7uIs906zOwNscoBM
622,Have a nice day,Bon Jovi,2799771,https://open.spotify.com/track/4cV6ld7uIs906zOwNscoBM
623,Marinero,Maluma,4466986,https://open.spotify.com/track/4cV6ld7uIs906zOwNscoBM
624,Boulevard of Broken Dreams,Green Day,4304228,https://open.spotify.com/track/4cV6ld7uIs906zOwNscoBM
625,Lies,Mc Fly,3847932,https://open.spotify.com/track/4cV6ld7uIs906zOwNscoBM
626,Your Love Is A Lie,Simple Plan,4442939,https://open.spotify.com/track/4cV6ld7uIs906zOwNscoBM
627,Another Brick In The Wall,Pink Floyd,3184492,https://open.spotify.com/track/4cV6ld7uIs906zOwNscoBM
628,Kissing Strangers,DNCE,4176233,https://open.spotify.com/track/4cV6ld7uIs906zOwNscoBM
629,This Summer,Maroon 5 ,3877715,https://open.spotify.com/track/4cV6ld7uIs906zOwNscoBM
630,Zombified,Falling In Reverse,1711975,https://open.spotify.com/track/4cV6ld7uIs906zOwNscoBM
631,Darte Un Beso,Prince Royce,1672629,https://open.spotify.com/track/4cV6ld7uIs906zOwNscoBM
632,Al Fin Me Arme de Valor (Feat Pepe Aguilar),Reily Barba,1404767,https://open.spotify.com/track/4cV6ld7uIs906zOwNscoBM
633,It's On Again (Feat Kendrick Lamar),Alicia Keys,3190665,https://open.spotify.com/track/4cV6ld7uIs906zOwNscoBM
634,Monster,Starset,930783,https://open.spotify.com/track/4cV6ld7uIs906zOwNscoBM
635,Stressed Out,Twenty One Pilots,3001909,https://open.spotify.com/track/4cV6ld7uIs906zOwNscoBM
636,Kids,One Republic,841979,https://open.spotify.com/track/4cV6ld7uIs906zOwNscoBM
637,Own It (Feat 2 Chainz),Wiz Khalifa,1520071,https://open.spotify.com/track/4cV6ld7uIs906zOwNscoBM
638,Dedicated (Feat R. Kelly & Austin Mahone),Pitbull,2473068,https://open.spotify.com/track/4cV6ld7uIs906zOwNscoBM
639,Light Switch,Charlie Puth,2557528,https://open.spotify.com/track/4cV6ld7uIs906zOwNscoBM
640,Jetlag,Simple Plan,1340520,https://open.spotify.com/track/4cV6ld7uIs906zOwNscoBM
641,Seventeen Forever,Metro Station,4272502,https://open.spotify.com/track/4cV6ld7uIs906zOwNscoBM
642,my ex's best friend,Machine Gun Kelly,2066986,https://open.spotify.com/track/4cV6ld7uIs906zOwNscoBM
643,I Took A Pill In ibiza,Mike Posner,4258207,https://open.spotify.com/track/4cV6ld7uIs906zOwNscoBM
644,PainKiller,Dreamers,1069618,https://open.spotify.com/track/4cV6ld7uIs906zOwNscoBM
645,Californication,Red Hot Chili Peppers,1189762,https://open.spotify.com/track/4cV6ld7uIs906zOwNscoBM
646,Exotic (Feat Pitbull),Priyanka Chopra,2790407,https://open.spotify.com/track/4cV6ld7uIs906zOwNscoBM
647,House Of Balloons/Glass Table Girl,The Weeknd,3158486,https://open.spotify.com/track/4cV6ld7uIs906zOwNscoBM
648,"Hot2Touch (Feat  Hight, Alex Aiono)",Felix Jaehn,4493759,https://open.spotify.com/track/4cV6ld7uIs906zOwNscoBM
649,Hollywood Whore,Machine Gun Kelly,1542868,https://open.spotify.com/track/4cV6ld7uIs906zOwNscoBM
650,Whore,In This Moment,2597619,https://open.spotify.com/track/4cV6ld7uIs906zOwNscoBM
651,Cuanto Te Quiero,Reily Barba,1504487,https://open.spotify.com/track/4cV6ld7uIs906zOwNscoBM
652,Back From the Dead,Skillet,2855564,https://open.spotify.com/track/4cV6ld7uIs906zOwNscoBM
653,Shake It,Metro Station,2249187,https://open.spotify.com/track/4cV6ld7uIs906zOwNscoBM
654,Barbie Girl,Aqua,1103294,https://open.spotify.com/track/4cV6ld7uIs906zOwNscoBM
655,Womanizer,Britney Spears,4385878,https://open.spotify.com/track/4cV6ld7uIs906zOwNscoBM
656,Everybody Talks,Neon Trees,3701205,https://open.spotify.com/track/4cV6ld7uIs906zOwNscoBM
657,Cigarette Daydreams,Cage The Elephant,2849938,https://open.spotify.com/track/4cV6ld7uIs906zOwNscoBM
658,Misery Business,Paramore,3683491,https://open.spotify.com/track/4cV6ld7uIs906zOwNscoBM
659,Sand In My Boots,Morgan Wallen,1919137,https://open.spotify.com/track/4cV6ld7uIs906zOwNscoBM
660,Haunted,Laura Les,4187228,https://open.spotify.com/track/4cV6ld7uIs906zOwNscoBM
661,Jumpin (feat. Polo G),NLE Choppa,2965313,https://open.spotify.com/track/4cV6ld7uIs906zOwNscoBM
662,Fuck Love (feat. Trippie Redd),XXXTENTACION,4168694,https://open.spotify.com/track/4cV6ld7uIs906zOwNscoBM
663,Kilby Girl,The Backseat Lovers,3671465,https://open.spotify.com/track/4cV6ld7uIs906zOwNscoBM
664,"Lemonade (feat. Gunna, Don Toliver & NAV)",Internet Money,2824995,https://open.spotify.com/track/4cV6ld7uIs906zOwNscoBM
665,Smells Like Teen Spirit - Remastered,Nirvana,4385752,https://open.spotify.com/track/4cV6ld7uIs906zOwNscoBM
666,Love Is Only a Feeling,Joey Bada$$,1942895,https://open.spotify.com/track/4cV6ld7uIs906zOwNscoBM
667,Black Wedding,In This Moment,684738,https://open.spotify.com/track/4cV6ld7uIs906zOwNscoBM
668,too easy,Gunna,3916004,https://open.spotify.com/track/4cV6ld7uIs906zOwNscoBM
669,The Less I Know The Better,Tame Impala,1055715,https://open.spotify.com/track/4cV6ld7uIs906zOwNscoBM
670,The Rumbling (TV Size),SiM,1608262,https://open.spotify.com/track/4cV6ld7uIs906zOwNscoBM
671,No Idea,Don Toliver,2081998,https://open.spotify.com/track/4cV6ld7uIs906zOwNscoBM
672,25 million,Roddy Ricch,3179036,https://open.spotify.com/track/4cV6ld7uIs906zOwNscoBM
673,'Till I Collapse,Eminem,3387738,https://open.spotify.com/track/4cV6ld7uIs906zOwNscoBM
674,The Motto,Tiesto,4346274,https://open.spotify.com/track/4cV6ld7uIs906zOwNscoBM
675,Talking to the Moon,Bruno Mars,1912989,https://open.spotify.com/track/4cV6ld7uIs906zOwNscoBM
676,Toxic,Britney Spears,2364442,https://open.spotify.com/track/4cV6ld7uIs906zOwNscoBM
677,Incomplete,Backstreet Boys,3699214,https://open.spotify.com/track/4cV6ld7uIs906zOwNscoBM
678,My Demons,Starset,3868834,https://open.spotify.com/track/4cV6ld7uIs906zOwNscoBM
679,Too Much  (Feat Miguel),Ro james,1434798,https://open.spotify.com/track/4cV6ld7uIs906zOwNscoBM
680,Lost In Your Light (Feat Miguel),Dua Lipa,1347860,https://open.spotify.com/track/4cV6ld7uIs906zOwNscoBM
681,Nothing,The Rasmus,1292818,https://open.spotify.com/track/4cV6ld7uIs906zOwNscoBM
682,Enemies,Shinedown,3531159,https://open.spotify.com/track/4cV6ld7uIs906zOwNscoBM
683,Miss Murder,AFI,2831341,https://open.spotify.com/track/4cV6ld7uIs906zOwNscoBM
684,Tonight (Feat John Cooper),TobyMac,1727015,https://open.spotify.com/track/4cV6ld7uIs906zOwNscoBM
685,Chemical Prisioner,Falling In Reverse,1043581,https://open.spotify.com/track/4cV6ld7uIs906zOwNscoBM
686,This Is Heaven,Nick Jonas,2701939,https://open.spotify.com/track/4cV6ld7uIs906zOwNscoBM
687,Lifestyle (feat Adam Levine),Jason Derulo,2856237,https://open.spotify.com/track/4cV6ld7uIs906zOwNscoBM
688,Killing Strangers,Marilyn Manson,3838629,https://open.spotify.com/track/4cV6ld7uIs906zOwNscoBM
689,Low,Lenny Kravitz,2438015,https://open.spotify.com/track/4cV6ld7uIs906zOwNscoBM
690,Hands Up (Feat DNCE),Merk & Kremont,3429635,https://open.spotify.com/track/4cV6ld7uIs906zOwNscoBM
691,Doctor You,DNCE,967338,https://open.spotify.com/track/4cV6ld7uIs906zOwNscoBM
692,Chances,Backstreet Boys,3500918,https://open.spotify.com/track/4cV6ld7uIs906zOwNscoBM
693,Azukita (Feat Elvis Crespo & Daddy Yankee),Steve Aoki,2585475,https://open.spotify.com/track/4cV6ld7uIs906zOwNscoBM
694,Con Calma,Daddy Yankee,3213319,https://open.spotify.com/track/4cV6ld7uIs906zOwNscoBM
695,I don't wanna go to bed (Feat Nelly),Simple Plan,1717838,https://open.spotify.com/track/4cV6ld7uIs906zOwNscoBM
696,Halfway Gone,Lifehouse,1123975,https://open.spotify.com/track/4cV6ld7uIs906zOwNscoBM
697,DNCE,DNCE,2916854,https://open.spotify.com/track/4cV6ld7uIs906zOwNscoBM
698,goosebumps,Travis Scott,3394744,https://open.spotify.com/track/4cV6ld7uIs906zOwNscoBM
699,Wishing Well,Juice WRLD,4487500,https://open.spotify.com/track/4cV6ld7uIs906zOwNscoBM
700,Life Goes On,Oliver Tree,2918453,https://open.spotify.com/track/4cV6ld7uIs906zOwNscoBM
701,All For Us - from the HBO Original Series Euphoria,Labrinth,4365437,https://open.spotify.com/track/4cV6ld7uIs906zOwNscoBM
702,The Hills,The Weeknd,4105677,https://open.spotify.com/track/4cV6ld7uIs906zOwNscoBM
703,Teenagers,My Chemical Romance,2765427,https://open.spotify.com/track/4cV6ld7uIs906zOwNscoBM
704,Self Care,Mac Miller,2380387,https://open.spotify.com/track/4cV6ld7uIs906zOwNscoBM
705,Bound 2,Kanye West,4158730,https://open.spotify.com/track/4cV6ld7uIs906zOwNscoBM
706,Flower Shops (feat. Morgan Wallen),ERNEST,2113680,https://open.spotify.com/track/4cV6ld7uIs906zOwNscoBM
707,Moth To A Flame (with The Weeknd),Swedish House Mafia,3254820,https://open.spotify.com/track/4cV6ld7uIs906zOwNscoBM
708,mop (feat. Young Thug),Gunna,1042259,https://open.spotify.com/track/4cV6ld7uIs906zOwNscoBM
709,"Colombia, Mi Encanto",Carlos Vives,3314434,https://open.spotify.com/track/4cV6ld7uIs906zOwNscoBM
710,you broke me first,Tate McRae,1396132,https://open.spotify.com/track/4cV6ld7uIs906zOwNscoBM
711,Mood (feat. iann dior),24kGoldn,4025149,https://open.spotify.com/track/4cV6ld7uIs906zOwNscoBM
712,MIDDLE CHILD,J. Cole,3695753,https://open.spotify.com/track/4cV6ld7uIs906zOwNscoBM
713,Let¥s get Party Started (Feat Bring Me The Horizon),Tom Morello,2756872,https://open.spotify.com/track/4cV6ld7uIs906zOwNscoBM
714,Be Yourself,Audioslave,2056971,https://open.spotify.com/track/4cV6ld7uIs906zOwNscoBM
715,In The End,Linkin Park,2224730,https://open.spotify.com/track/4cV6ld7uIs906zOwNscoBM
716,Samuel Jackson,Hot Action Cops,1690243,https://open.spotify.com/track/4cV6ld7uIs906zOwNscoBM
717,Zoom,DNCE,3004825,https://open.spotify.com/track/4cV6ld7uIs906zOwNscoBM
718,The Flame,Cheap Trick,4126323,https://open.spotify.com/track/4cV6ld7uIs906zOwNscoBM
719,Algo Me Gusta De Ti,Wisin y Yandel,4019325,https://open.spotify.com/track/4cV6ld7uIs906zOwNscoBM
720,Aullando (Como Loba) (Feat Wisin y Yandel),Romeo Santos,2736055,https://open.spotify.com/track/4cV6ld7uIs906zOwNscoBM
721,La Fama (Feat The Weeknd),Rosalia,4449141,https://open.spotify.com/track/4cV6ld7uIs906zOwNscoBM
722,One Right Now (with The Weeknd),Post Malone,2716435,https://open.spotify.com/track/4cV6ld7uIs906zOwNscoBM
723,Be mean,DNCE,3829193,https://open.spotify.com/track/4cV6ld7uIs906zOwNscoBM
724,If I'm Lucky ,Jason Derulo,4365938,https://open.spotify.com/track/4cV6ld7uIs906zOwNscoBM
725,See No More,Joe Jonas,1926562,https://open.spotify.com/track/4cV6ld7uIs906zOwNscoBM
726,Da Ya Think I'm Sexy? (Feat DNCE),Rod Stewart,1273303,https://open.spotify.com/track/4cV6ld7uIs906zOwNscoBM
727,Amazing,George Michael,3492289,https://open.spotify.com/track/4cV6ld7uIs906zOwNscoBM
728,La Mordidita,Ricky Martin ,521110,https://open.spotify.com/track/4cV6ld7uIs906zOwNscoBM
729,Taboo,Don Omar,3861382,https://open.spotify.com/track/4cV6ld7uIs906zOwNscoBM
730,Find You,Nick Jonas,4342046,https://open.spotify.com/track/4cV6ld7uIs906zOwNscoBM
731,Beat It,Michael Jackson,3095298,https://open.spotify.com/track/4cV6ld7uIs906zOwNscoBM
732,Tonight,Jonas Brothers,3340520,https://open.spotify.com/track/4cV6ld7uIs906zOwNscoBM
733,Adios,Ricky Martin ,3292713,https://open.spotify.com/track/4cV6ld7uIs906zOwNscoBM
734,I Like It (Feat Pitbull),Enrique Iglesias,1293033,https://open.spotify.com/track/4cV6ld7uIs906zOwNscoBM
735,Back Togheter (Feat Nicky Minaj),Robin Thicke,3570929,https://open.spotify.com/track/4cV6ld7uIs906zOwNscoBM
736,Levitating (feat. DaBaby),Dua Lipa,2695611,https://open.spotify.com/track/4cV6ld7uIs906zOwNscoBM
737,You Right,Doja Cat,2919756,https://open.spotify.com/track/4cV6ld7uIs906zOwNscoBM
738,MONTERO (Call Me By Your Name),Lil Nas X,3266028,https://open.spotify.com/track/4cV6ld7uIs906zOwNscoBM
739,Freaks,Surf Curse,2801928,https://open.spotify.com/track/4cV6ld7uIs906zOwNscoBM
740,"Who Want Smoke?? (feat. G Herbo, Lil Durk & 21 Savage)",Nardo Wick,2060276,https://open.spotify.com/track/4cV6ld7uIs906zOwNscoBM
741,20 Min,Lil Uzi Vert,2769290,https://open.spotify.com/track/4cV6ld7uIs906zOwNscoBM
742,Space Song,Beach House,1203397,https://open.spotify.com/track/4cV6ld7uIs906zOwNscoBM
743,Sunflower - Spider-Man: Into the Spider-Verse,Post Malone,2801333,https://open.spotify.com/track/4cV6ld7uIs906zOwNscoBM
744,Young Turks,Rod Stewart,2535633,https://open.spotify.com/track/4cV6ld7uIs906zOwNscoBM
745,Vente Pa' Ca (Feat Maluma),Ricky Martin ,3697836,https://open.spotify.com/track/4cV6ld7uIs906zOwNscoBM
746,Everything She Wants,Wham!,1452609,https://open.spotify.com/track/4cV6ld7uIs906zOwNscoBM
747,Fastlove,George Michael,2361739,https://open.spotify.com/track/4cV6ld7uIs906zOwNscoBM
748,We will rock you!,Queen,876120,https://open.spotify.com/track/4cV6ld7uIs906zOwNscoBM
749,The Phoenix,Fall Out Boy,3816140,https://open.spotify.com/track/4cV6ld7uIs906zOwNscoBM
750,Duele el Corazon,Enrique Iglesias,1493417,https://open.spotify.com/track/4cV6ld7uIs906zOwNscoBM
751,Cuidarte el Alma,Chayanne,936348,https://open.spotify.com/track/4cV6ld7uIs906zOwNscoBM
752,Angel,Elefante,1312333,https://open.spotify.com/track/4cV6ld7uIs906zOwNscoBM
753,Ahora Quien?,Marc Anthony,669378,https://open.spotify.com/track/4cV6ld7uIs906zOwNscoBM
754,Hipnotizame,Wisin y Yandel,3246452,https://open.spotify.com/track/4cV6ld7uIs906zOwNscoBM
755,Burn It Up (Feat Wisin y Yandel),R. Kelly,1637695,https://open.spotify.com/track/4cV6ld7uIs906zOwNscoBM
756,Virtual Insanity, Jamiroquai,3705798,https://open.spotify.com/track/4cV6ld7uIs906zOwNscoBM
757,Pornstar Dancing,My Darkest Day,1013891,https://open.spotify.com/track/4cV6ld7uIs906zOwNscoBM
758,Animal I Have Become,Three Days Grace,3636936,https://open.spotify.com/track/4cV6ld7uIs906zOwNscoBM
759,Walking On A Dream,Empire Of the Sun,1969865,https://open.spotify.com/track/4cV6ld7uIs906zOwNscoBM
760,Best Friends,The Weeknd,2906692,https://open.spotify.com/track/4cV6ld7uIs906zOwNscoBM
761,Dangerous,Michael Jackson,4065781,https://open.spotify.com/track/4cV6ld7uIs906zOwNscoBM
762,Lady Blue,Cristian Castro,1195029,https://open.spotify.com/track/4cV6ld7uIs906zOwNscoBM
763,Vivir Mi Vida,Marc Anthony,4134103,https://open.spotify.com/track/4cV6ld7uIs906zOwNscoBM
764,Sexy Movimiento,Wisin y Yandel,1486559,https://open.spotify.com/track/4cV6ld7uIs906zOwNscoBM
765,I Was Made For Loving You,Kiss,2538907,https://open.spotify.com/track/4cV6ld7uIs906zOwNscoBM
766,Under You,Nick Jonas,2682339,https://open.spotify.com/track/4cV6ld7uIs906zOwNscoBM
767,Want To Want Me,Jason Derulo,1502137,https://open.spotify.com/track/4cV6ld7uIs906zOwNscoBM
768,Scream,Usher ,4437243,https://open.spotify.com/track/4cV6ld7uIs906zOwNscoBM
769,Satellite,Starset,1741642,https://open.spotify.com/track/4cV6ld7uIs906zOwNscoBM
770,Habits,Adelitas Way,2131904,https://open.spotify.com/track/4cV6ld7uIs906zOwNscoBM
771,Sleepwalking,Bring Me The Horizon,1623033,https://open.spotify.com/track/4cV6ld7uIs906zOwNscoBM
772,Toothbrush,DNCE,1476005,https://open.spotify.com/track/4cV6ld7uIs906zOwNscoBM
773,Throught The Fire and Flames,Dragonforce,2082226,https://open.spotify.com/track/4cV6ld7uIs906zOwNscoBM
774,Follow The Leader (Feat Jennifer Lopez),Wisin y Yandel,1558086,https://open.spotify.com/track/4cV6ld7uIs906zOwNscoBM
775,ObsesiÛn,Aventura,3041250,https://open.spotify.com/track/4cV6ld7uIs906zOwNscoBM
776,Salio el Sol,Don Omar,971598,https://open.spotify.com/track/4cV6ld7uIs906zOwNscoBM
777,Dj Got Us Falling In Love (Feat Pitbull),Usher ,1882981,https://open.spotify.com/track/4cV6ld7uIs906zOwNscoBM
778,Miroh,Stray Kids,3860774,https://open.spotify.com/track/4cV6ld7uIs906zOwNscoBM
779,Kill4me,Marilyn Manson,590845,https://open.spotify.com/track/4cV6ld7uIs906zOwNscoBM
780,You Rock My World,Michael Jackson,3598940,https://open.spotify.com/track/4cV6ld7uIs906zOwNscoBM
781,The Final Countdowm,Europe,2602474,https://open.spotify.com/track/4cV6ld7uIs906zOwNscoBM
782,Don't got yet,Camila Cabello,3116888,https://open.spotify.com/track/4cV6ld7uIs906zOwNscoBM
783,Mientes,Camila,734196,https://open.spotify.com/track/4cV6ld7uIs906zOwNscoBM
784,Monsters,Matchbook Romance,2149894,https://open.spotify.com/track/4cV6ld7uIs906zOwNscoBM
785,Outside,George Michael,4350158,https://open.spotify.com/track/4cV6ld7uIs906zOwNscoBM
786,In Your Eyes,The Weeknd,3270509,https://open.spotify.com/track/4cV6ld7uIs906zOwNscoBM
787,Just Want You To Know,Backstreet Boys,1794384,https://open.spotify.com/track/4cV6ld7uIs906zOwNscoBM
788,When I'm Gone,Simple Plan,2888529,https://open.spotify.com/track/4cV6ld7uIs906zOwNscoBM
789,Why Are You There,Machine Gun Kelly,3926356,https://open.spotify.com/track/4cV6ld7uIs906zOwNscoBM
790,Good Thing (Feat Nick Jonas),Sage The Gemini,3940249,https://open.spotify.com/track/4cV6ld7uIs906zOwNscoBM
791,El Desprecio,Aventura,2286646,https://open.spotify.com/track/4cV6ld7uIs906zOwNscoBM
792,"Me Niego (Feat Wisin, Ozuna)",Reik,3015846,https://open.spotify.com/track/4cV6ld7uIs906zOwNscoBM
793,Decidiste Dejarme,Camila,2803182,https://open.spotify.com/track/4cV6ld7uIs906zOwNscoBM
794,Club Tropicana ,Wham!,1348338,https://open.spotify.com/track/4cV6ld7uIs906zOwNscoBM
795,El Farsante (Feat Romeo Santos ) (Remix),Ozuna,1844170,https://open.spotify.com/track/4cV6ld7uIs906zOwNscoBM
796,HP,Maluma,2178836,https://open.spotify.com/track/4cV6ld7uIs906zOwNscoBM
797,"Con Altura (Feat J Balvin, Anuel AA)",Rosalia,1384708,https://open.spotify.com/track/4cV6ld7uIs906zOwNscoBM
798,Mentirosa,Elefante,3153334,https://open.spotify.com/track/4cV6ld7uIs906zOwNscoBM
799,Flawless (Go to the City),George Michael,3770266,https://open.spotify.com/track/4cV6ld7uIs906zOwNscoBM
800,Oh No,Bring Me The Horizon,2485498,https://open.spotify.com/track/4cV6ld7uIs906zOwNscoBM
801,Zombie,Bad Wolves,1516301,https://open.spotify.com/track/4cV6ld7uIs906zOwNscoBM
802,Sweet escape (Feat Akon),Gwen Stefani,1788611,https://open.spotify.com/track/4cV6ld7uIs906zOwNscoBM
803,Adrenaline,Gavin Rossdale,3817249,https://open.spotify.com/track/4cV6ld7uIs906zOwNscoBM
804,Hangover (FeaT Flo Rida),Taio Cruz,2550530,https://open.spotify.com/track/4cV6ld7uIs906zOwNscoBM
805,Can't get out of My Head,Kylie Minogue,4375249,https://open.spotify.com/track/4cV6ld7uIs906zOwNscoBM
806,Zombie,The Cranberries,3083860,https://open.spotify.com/track/4cV6ld7uIs906zOwNscoBM
807,Africa,Toto,2910016,https://open.spotify.com/track/4cV6ld7uIs906zOwNscoBM
808,Dance Hall Days,Wang Chung,1410418,https://open.spotify.com/track/4cV6ld7uIs906zOwNscoBM
809,Your Love,The Outfield,3702622,https://open.spotify.com/track/4cV6ld7uIs906zOwNscoBM
810,Magic (Feat Rivers Cuomo),B.O.B,3808955,https://open.spotify.com/track/4cV6ld7uIs906zOwNscoBM
811,Locked Out Heaven,Bruno Mars,1520427,https://open.spotify.com/track/4cV6ld7uIs906zOwNscoBM
812,Decode,Paramore,1538081,https://open.spotify.com/track/4cV6ld7uIs906zOwNscoBM
813,Bring Me To Life,Evanescense,3588108,https://open.spotify.com/track/4cV6ld7uIs906zOwNscoBM
814,In The Air Tonight,Phil Collins,542160,https://open.spotify.com/track/4cV6ld7uIs906zOwNscoBM
815,Come Back and Stay,Paul Young,1469187,https://open.spotify.com/track/4cV6ld7uIs906zOwNscoBM
816,Balls To The Wall,Accept,3804308,https://open.spotify.com/track/4cV6ld7uIs906zOwNscoBM
817,Metal Health,Quiet Riot,1535336,https://open.spotify.com/track/4cV6ld7uIs906zOwNscoBM
818,Besame,Camila,2114360,https://open.spotify.com/track/4cV6ld7uIs906zOwNscoBM
819,Algo que me Falta,Marco Di Mauro,4417534,https://open.spotify.com/track/4cV6ld7uIs906zOwNscoBM
820,AsÌ es la Vida,Elefante,3692214,https://open.spotify.com/track/4cV6ld7uIs906zOwNscoBM
821,De Musica Ligera,Soda Stereo,780725,https://open.spotify.com/track/4cV6ld7uIs906zOwNscoBM
822,Entre 2 Tierras,Heroes de Silencio,549953,https://open.spotify.com/track/4cV6ld7uIs906zOwNscoBM
823,Mary Jane,Rick James,4193243,https://open.spotify.com/track/4cV6ld7uIs906zOwNscoBM
824,24K Magic,Bruno Mars,1445858,https://open.spotify.com/track/4cV6ld7uIs906zOwNscoBM
825,Rabid Animals,Mani Hoffman,3954296,https://open.spotify.com/track/4cV6ld7uIs906zOwNscoBM
826,True Survivor,David Hasselhoff,3289041,https://open.spotify.com/track/4cV6ld7uIs906zOwNscoBM
827,OBEY (Feat YUNBLUD),Bring Me The Horizon,2891862,https://open.spotify.com/track/4cV6ld7uIs906zOwNscoBM
828,Sky,Playboi Carti,4473623,https://open.spotify.com/track/4cV6ld7uIs906zOwNscoBM
829,Waiting On A Miracle,Stephanie Beatriz,3246881,https://open.spotify.com/track/4cV6ld7uIs906zOwNscoBM
830,By Your Side,Rod Wave,4233887,https://open.spotify.com/track/4cV6ld7uIs906zOwNscoBM
831,Smokin Out The Window,Bruno Mars,3768377,https://open.spotify.com/track/4cV6ld7uIs906zOwNscoBM
832,One Right Now (with The Weeknd),Post Malone,2367057,https://open.spotify.com/track/4cV6ld7uIs906zOwNscoBM
833,Dos Oruguitas,Sebastian Yatra,1461447,https://open.spotify.com/track/4cV6ld7uIs906zOwNscoBM
834,Ghost,Justin Bieber,4484583,https://open.spotify.com/track/4cV6ld7uIs906zOwNscoBM
835,Softcore,The Neighbourhood,1602147,https://open.spotify.com/track/4cV6ld7uIs906zOwNscoBM
836,thought i was playing,Gunna,3860717,https://open.spotify.com/track/4cV6ld7uIs906zOwNscoBM
837,All Too Well (10 Minute Version) (Taylor's Version) (From The Vault),Taylor Swift,1419228,https://open.spotify.com/track/4cV6ld7uIs906zOwNscoBM
838,Happier Than Ever,Billie Eilish,4317939,https://open.spotify.com/track/4cV6ld7uIs906zOwNscoBM
839,Way 2 Sexy (with Future & Young Thug),Drake,4364600,https://open.spotify.com/track/4cV6ld7uIs906zOwNscoBM
840,RAPSTAR,Polo G,2534168,https://open.spotify.com/track/4cV6ld7uIs906zOwNscoBM
841,No Role Modelz,J. Cole,743464,https://open.spotify.com/track/4cV6ld7uIs906zOwNscoBM
842,traitor,Olivia Rodrigo,2805697,https://open.spotify.com/track/4cV6ld7uIs906zOwNscoBM
843,Writting in the Wall,Sam Smith,3688530,https://open.spotify.com/track/4cV6ld7uIs906zOwNscoBM
844,Highway To The Danger Zone,Kenny Loggins,3831293,https://open.spotify.com/track/4cV6ld7uIs906zOwNscoBM
845,It Was a Good Day,ICE CUBE,2561940,https://open.spotify.com/track/4cV6ld7uIs906zOwNscoBM
846,Straight Outta Compton,N.W.A,1140790,https://open.spotify.com/track/4cV6ld7uIs906zOwNscoBM
847,7 rings,Ariana Grande,1085088,https://open.spotify.com/track/4cV6ld7uIs906zOwNscoBM
848,Breaking The Chain,Dokken,595358,https://open.spotify.com/track/4cV6ld7uIs906zOwNscoBM
849,Bohemian Rapsody,Queen,1323464,https://open.spotify.com/track/4cV6ld7uIs906zOwNscoBM
850,Manifest,Starset,2021657,https://open.spotify.com/track/4cV6ld7uIs906zOwNscoBM
851,Acapulco,Jason Derulo,2236952,https://open.spotify.com/track/4cV6ld7uIs906zOwNscoBM
852,Shake It Off,Taylor Swift,4482588,https://open.spotify.com/track/4cV6ld7uIs906zOwNscoBM
853,Last Dance,Dua Lipa,603862,https://open.spotify.com/track/4cV6ld7uIs906zOwNscoBM
854,Alive,Empire Of the Sun,2701400,https://open.spotify.com/track/4cV6ld7uIs906zOwNscoBM
855,Spaceman,Nick Jonas,1714106,https://open.spotify.com/track/4cV6ld7uIs906zOwNscoBM
856,Alone,Falling In Reverse,2748060,https://open.spotify.com/track/4cV6ld7uIs906zOwNscoBM
857,Lady Hear Me Tonight,Modjo,1205798,https://open.spotify.com/track/4cV6ld7uIs906zOwNscoBM
858,#1Nite,Cobra Starship,1391098,https://open.spotify.com/track/4cV6ld7uIs906zOwNscoBM
859,We built this city, Starship,1801356,https://open.spotify.com/track/4cV6ld7uIs906zOwNscoBM
860,Turn Me Loose,Loverboy,744041,https://open.spotify.com/track/4cV6ld7uIs906zOwNscoBM
861,Anywhere,Nick Jonas,2254104,https://open.spotify.com/track/4cV6ld7uIs906zOwNscoBM
862,I want You,C.J,3977640,https://open.spotify.com/track/4cV6ld7uIs906zOwNscoBM
863,Mephistopheles of L.A,Marilyn Manson,2461377,https://open.spotify.com/track/4cV6ld7uIs906zOwNscoBM
864,Acting Like That (Feat Machine Gun Kelly),YUNGBLUD,1603695,https://open.spotify.com/track/4cV6ld7uIs906zOwNscoBM
865,Ribcage,Andy Black,1850390,https://open.spotify.com/track/4cV6ld7uIs906zOwNscoBM
866,Somebody's Watching Me,Rockwell,1745414,https://open.spotify.com/track/4cV6ld7uIs906zOwNscoBM
867,Torture,The Jacksons,4276711,https://open.spotify.com/track/4cV6ld7uIs906zOwNscoBM
868,Black & White,Michael Jackson,4074198,https://open.spotify.com/track/4cV6ld7uIs906zOwNscoBM
869,Remember When,Bad Wolves,1018974,https://open.spotify.com/track/4cV6ld7uIs906zOwNscoBM
870,Cheyenne,Jason Derulo,1402895,https://open.spotify.com/track/4cV6ld7uIs906zOwNscoBM
871,Crockett's Theme,Jan Hammer,1135268,https://open.spotify.com/track/4cV6ld7uIs906zOwNscoBM
872,Fucking Famous,Camila,4414769,https://open.spotify.com/track/4cV6ld7uIs906zOwNscoBM
873,Un Siglo Sin Ti,Chayanne,3182523,https://open.spotify.com/track/4cV6ld7uIs906zOwNscoBM
874,Ice Ice Baby,Vanilla Ice,507374,https://open.spotify.com/track/4cV6ld7uIs906zOwNscoBM
875,Hearts On Fire,Black Veil Brides,596651,https://open.spotify.com/track/4cV6ld7uIs906zOwNscoBM
876,Icebox,Omarion,4004956,https://open.spotify.com/track/4cV6ld7uIs906zOwNscoBM
877,Naked,DNCE,1124691,https://open.spotify.com/track/4cV6ld7uIs906zOwNscoBM
878,Teacher,Nick Jonas,2724738,https://open.spotify.com/track/4cV6ld7uIs906zOwNscoBM
879,First Time,Jonas Brothers,1791560,https://open.spotify.com/track/4cV6ld7uIs906zOwNscoBM
880,Make Up As We Go,Jason Derulo,3203930,https://open.spotify.com/track/4cV6ld7uIs906zOwNscoBM
881,Dynamite,Taio Cruz,3614954,https://open.spotify.com/track/4cV6ld7uIs906zOwNscoBM
882,Cooler Than Me,Mike Posner,2826418,https://open.spotify.com/track/4cV6ld7uIs906zOwNscoBM
883,Lady (Feat Pitbull),Austin Mahone,3611676,https://open.spotify.com/track/4cV6ld7uIs906zOwNscoBM
884,Last One Standing,Simple Plan,2853320,https://open.spotify.com/track/4cV6ld7uIs906zOwNscoBM
885,Shape Of Things To Come,Audioslave,1025437,https://open.spotify.com/track/4cV6ld7uIs906zOwNscoBM
886,Volvere,K-Paz de la Sierra,2111738,https://open.spotify.com/track/4cV6ld7uIs906zOwNscoBM
887,Dark Necessities,Red Hot Chili Peppers,2508865,https://open.spotify.com/track/4cV6ld7uIs906zOwNscoBM
888,Midlife Crisis,Faith No More,1323951,https://open.spotify.com/track/4cV6ld7uIs906zOwNscoBM
889,It's not good,Despeche Mode,3004719,https://open.spotify.com/track/4cV6ld7uIs906zOwNscoBM
890,Sunrise,Simply Red,1124080,https://open.spotify.com/track/4cV6ld7uIs906zOwNscoBM
891,Hood Took Me Under,Compton's Most Wanted,2283704,https://open.spotify.com/track/4cV6ld7uIs906zOwNscoBM
892,"Kush (Feat Snoop Doog, Akon)",Dr. Dre,3118929,https://open.spotify.com/track/4cV6ld7uIs906zOwNscoBM
893,Venom,Eminem,3580530,https://open.spotify.com/track/4cV6ld7uIs906zOwNscoBM
894,Carnivore,Starset,2821007,https://open.spotify.com/track/4cV6ld7uIs906zOwNscoBM
895,Shoot to thrill,AC/DC,986836,https://open.spotify.com/track/4cV6ld7uIs906zOwNscoBM
896,No One Like You,Scorpions,4447905,https://open.spotify.com/track/4cV6ld7uIs906zOwNscoBM
897,Inolvidable,Reik,3168853,https://open.spotify.com/track/4cV6ld7uIs906zOwNscoBM
898,No Easy Way Out,Robert Tepper,3869803,https://open.spotify.com/track/4cV6ld7uIs906zOwNscoBM
899,Burning Hearts,Survivor,3549062,https://open.spotify.com/track/4cV6ld7uIs906zOwNscoBM
900,El BaÒo (Feat Bad Bunny),Enrique Iglesias,1717512,https://open.spotify.com/track/4cV6ld7uIs906zOwNscoBM
901,Make believe,Toto,1053815,https://open.spotify.com/track/4cV6ld7uIs906zOwNscoBM
902,The Tropper ,Iron Maiden,4164180,https://open.spotify.com/track/4cV6ld7uIs906zOwNscoBM
903,The Dirt (Feat Machine Gun Kelly),Motley Crue,4352417,https://open.spotify.com/track/4cV6ld7uIs906zOwNscoBM
904,Party All The Time,Eddie Murphy,2549960,https://open.spotify.com/track/4cV6ld7uIs906zOwNscoBM
905,All Stars,Smash Mouth,1831757,https://open.spotify.com/track/4cV6ld7uIs906zOwNscoBM
906,LIKE I WOULD,Zayn,705233,https://open.spotify.com/track/4cV6ld7uIs906zOwNscoBM
907,Chanderlier,Sia,692505,https://open.spotify.com/track/4cV6ld7uIs906zOwNscoBM
908,Heartbreaker,Auryn,1887075,https://open.spotify.com/track/4cV6ld7uIs906zOwNscoBM
909,Drunk and Irresponsable,Blas Canto,4102244,https://open.spotify.com/track/4cV6ld7uIs906zOwNscoBM
910,Slide (Feat Frank Ocean),Calvin Harris,577041,https://open.spotify.com/track/4cV6ld7uIs906zOwNscoBM
911,Last Friday Night,Katy Perry,3835952,https://open.spotify.com/track/4cV6ld7uIs906zOwNscoBM
912,I'm Yours,Jason Mraz,1735655,https://open.spotify.com/track/4cV6ld7uIs906zOwNscoBM
913,Sober,Pink,2016034,https://open.spotify.com/track/4cV6ld7uIs906zOwNscoBM
914,Break Your Heart,Taio Cruz,3441884,https://open.spotify.com/track/4cV6ld7uIs906zOwNscoBM
915,Straight through My Heart,Backstreet Boys,1819640,https://open.spotify.com/track/4cV6ld7uIs906zOwNscoBM
916,Viernes,DLD,3661406,https://open.spotify.com/track/4cV6ld7uIs906zOwNscoBM
917,Sentimettal,Moderatto,3385553,https://open.spotify.com/track/4cV6ld7uIs906zOwNscoBM
918,Guacala que Rico,Molotov,1345329,https://open.spotify.com/track/4cV6ld7uIs906zOwNscoBM
919,Maneater,Hall & Oates,1940564,https://open.spotify.com/track/4cV6ld7uIs906zOwNscoBM
920,Holding Out For A Hero,Bonnie Tyler,1205235,https://open.spotify.com/track/4cV6ld7uIs906zOwNscoBM
921,Broken Wings,Mr. Mister,560082,https://open.spotify.com/track/4cV6ld7uIs906zOwNscoBM
922,E.T (Feat Kanye West),Katy Perry,3867305,https://open.spotify.com/track/4cV6ld7uIs906zOwNscoBM
923,Rescue Me,One Republic,2620752,https://open.spotify.com/track/4cV6ld7uIs906zOwNscoBM
924,All The Love,The Outfield,1281497,https://open.spotify.com/track/4cV6ld7uIs906zOwNscoBM
925,Circus,Britney Spears,1846961,https://open.spotify.com/track/4cV6ld7uIs906zOwNscoBM
926,So what,Pink,1904950,https://open.spotify.com/track/4cV6ld7uIs906zOwNscoBM
927,Just Dance,Lady GaGa,1648704,https://open.spotify.com/track/4cV6ld7uIs906zOwNscoBM
928,Prisionero,Miranda,4320181,https://open.spotify.com/track/4cV6ld7uIs906zOwNscoBM
929,Adult Education,Hall & Oates,3071797,https://open.spotify.com/track/4cV6ld7uIs906zOwNscoBM
930,In a World Like This,Backstreet Boys,4223131,https://open.spotify.com/track/4cV6ld7uIs906zOwNscoBM
931,Amateur,Molotov,2412343,https://open.spotify.com/track/4cV6ld7uIs906zOwNscoBM
932,Self Control,Laura Branigan,4124148,https://open.spotify.com/track/4cV6ld7uIs906zOwNscoBM
933,Hot and Cold,Katy Perry,1322126,https://open.spotify.com/track/4cV6ld7uIs906zOwNscoBM
934,Poker Face,Lady GaGa,2894287,https://open.spotify.com/track/4cV6ld7uIs906zOwNscoBM
935,Taxi Cab,R. Kelly,3665238,https://open.spotify.com/track/4cV6ld7uIs906zOwNscoBM
936,Check Yorself,ICE CUBE,1675679,https://open.spotify.com/track/4cV6ld7uIs906zOwNscoBM
937,Need to Know,Doja Cat,751107,https://open.spotify.com/track/4cV6ld7uIs906zOwNscoBM
938,P power (feat. Drake),Gunna,1646888,https://open.spotify.com/track/4cV6ld7uIs906zOwNscoBM
939,Knife Talk (with 21 Savage ft. Project Pat),Drake,822033,https://open.spotify.com/track/4cV6ld7uIs906zOwNscoBM
940,The Family Madrigal,Stephanie Beatriz,2983246,https://open.spotify.com/track/4cV6ld7uIs906zOwNscoBM
941,I Love You So,The Walters,2743343,https://open.spotify.com/track/4cV6ld7uIs906zOwNscoBM
942,Dark Red,Steve Lacy,3598321,https://open.spotify.com/track/4cV6ld7uIs906zOwNscoBM
943,good 4 u,Olivia Rodrigo,3148534,https://open.spotify.com/track/4cV6ld7uIs906zOwNscoBM
944,Cold Heart - PNAU Remix,Elton John,4419550,https://open.spotify.com/track/4cV6ld7uIs906zOwNscoBM
945,What Else Can I Do?,Diane Guerrero,4093987,https://open.spotify.com/track/4cV6ld7uIs906zOwNscoBM
946,I Hate U,SZA,3468100,https://open.spotify.com/track/4cV6ld7uIs906zOwNscoBM
947,The Departure,Falling In Reverse,3408480,https://open.spotify.com/track/4cV6ld7uIs906zOwNscoBM
948,I'm Still Standing,Elton John,3394569,https://open.spotify.com/track/4cV6ld7uIs906zOwNscoBM
949,Possesion Obsession,Hall & Oates,1272073,https://open.spotify.com/track/4cV6ld7uIs906zOwNscoBM
950,Last Resort,Papa Roach,4486668,https://open.spotify.com/track/4cV6ld7uIs906zOwNscoBM
951,Mr. Brightside,The Killers,4152024,https://open.spotify.com/track/4cV6ld7uIs906zOwNscoBM
952,Uprising,Muse,3830290,https://open.spotify.com/track/4cV6ld7uIs906zOwNscoBM
953,"Sugar, Honey, Ice & Tea (S.H.I.T)",Bring Me The Horizon,4295096,https://open.spotify.com/track/4cV6ld7uIs906zOwNscoBM
954,Part Of Me,Katy Perry,1567141,https://open.spotify.com/track/4cV6ld7uIs906zOwNscoBM
955,Castlee Of Glass,Linkin Park,771535,https://open.spotify.com/track/4cV6ld7uIs906zOwNscoBM
956,Bigger,Backstreet Boys,644820,https://open.spotify.com/track/4cV6ld7uIs906zOwNscoBM
957,Pose,Daddy Yankee,4119206,https://open.spotify.com/track/4cV6ld7uIs906zOwNscoBM
958,Here Comes the Boom,Nelly,949241,https://open.spotify.com/track/4cV6ld7uIs906zOwNscoBM
959,We Are The People,Empire Of the Sun,803466,https://open.spotify.com/track/4cV6ld7uIs906zOwNscoBM
960,November Rain,Guns ëNí Roses,3368892,https://open.spotify.com/track/4cV6ld7uIs906zOwNscoBM
961,Amigos con Derecho (Feat Maluma),Reik,4291834,https://open.spotify.com/track/4cV6ld7uIs906zOwNscoBM
962,La Camisa Negra,Juanes,4033174,https://open.spotify.com/track/4cV6ld7uIs906zOwNscoBM
963,Love Show,Sonhora,2435834,https://open.spotify.com/track/4cV6ld7uIs906zOwNscoBM
964,Living In a Dream,Finger Eleven,3836753,https://open.spotify.com/track/4cV6ld7uIs906zOwNscoBM
965,Dancing With Strangers ,Sam Smith,862827,https://open.spotify.com/track/4cV6ld7uIs906zOwNscoBM
966,Don't Wanna Go Home,Jason Derulo,3377243,https://open.spotify.com/track/4cV6ld7uIs906zOwNscoBM
967,Burning Up,Jonas Brothers,1517774,https://open.spotify.com/track/4cV6ld7uIs906zOwNscoBM
968,I¥m not a Vampire (Re-Vampirized),Falling In Reverse,2074179,https://open.spotify.com/track/4cV6ld7uIs906zOwNscoBM
969,The Call,Backstreet Boys,3973583,https://open.spotify.com/track/4cV6ld7uIs906zOwNscoBM
970,Diamonds,Sam Smith,893015,https://open.spotify.com/track/4cV6ld7uIs906zOwNscoBM
971,No Time To Die,Billie Eilish,3886707,https://open.spotify.com/track/4cV6ld7uIs906zOwNscoBM
972,Freeek!!!,George Michael,1081542,https://open.spotify.com/track/4cV6ld7uIs906zOwNscoBM
973,Cum On Feel The Noize,Quiet Riot,2512161,https://open.spotify.com/track/4cV6ld7uIs906zOwNscoBM
974,Killing In The Name,Rage Against The Machine,4085010,https://open.spotify.com/track/4cV6ld7uIs906zOwNscoBM
975,Valentine's Day,Linkin Park,2793508,https://open.spotify.com/track/4cV6ld7uIs906zOwNscoBM
976,tears not left to cry,Ariana Grande,4328096,https://open.spotify.com/track/4cV6ld7uIs906zOwNscoBM
977,Sleepwalking,The Chain Gang Of 1974,3758404,https://open.spotify.com/track/4cV6ld7uIs906zOwNscoBM
978,Wide Awake,Audioslave,1501918,https://open.spotify.com/track/4cV6ld7uIs906zOwNscoBM
979,California Gurls (feat Snoop Dogg),Katy Perry,3966583,https://open.spotify.com/track/4cV6ld7uIs906zOwNscoBM
980,Bad Romance,Lady GaGa,3724563,https://open.spotify.com/track/4cV6ld7uIs906zOwNscoBM
981,Touch too much,AC/DC,1204348,https://open.spotify.com/track/4cV6ld7uIs906zOwNscoBM
982,Bad,Michael Jackson,1438877,https://open.spotify.com/track/4cV6ld7uIs906zOwNscoBM
983,Pay My Rent,DNCE,2167635,https://open.spotify.com/track/4cV6ld7uIs906zOwNscoBM
984,Kleptomaniac,Joe Jonas,3494614,https://open.spotify.com/track/4cV6ld7uIs906zOwNscoBM
985,Bring 'em Down,Lostprophets,2440664,https://open.spotify.com/track/4cV6ld7uIs906zOwNscoBM
986,La Noche,Kenia OS,989463,https://open.spotify.com/track/4cV6ld7uIs906zOwNscoBM
987,Crystaline,The Rasmus,2987948,https://open.spotify.com/track/4cV6ld7uIs906zOwNscoBM
988,Beatiful Thieves,AFI,686813,https://open.spotify.com/track/4cV6ld7uIs906zOwNscoBM
989,Part Time Lover,Steve Wonder,1022362,https://open.spotify.com/track/4cV6ld7uIs906zOwNscoBM
990,Looking 4 Myself,Usher ,1116771,https://open.spotify.com/track/4cV6ld7uIs906zOwNscoBM
991,Are you Ready?,AC/DC,569722,https://open.spotify.com/track/4cV6ld7uIs906zOwNscoBM
992,Make The World Go Round (Feat R. Kelly),DJ Cassidy,3732515,https://open.spotify.com/track/4cV6ld7uIs906zOwNscoBM
993,Angel Of The City,Robert Tepper,4266350,https://open.spotify.com/track/4cV6ld7uIs906zOwNscoBM
994,Wild Wild West,Will Smith,4399446,https://open.spotify.com/track/4cV6ld7uIs906zOwNscoBM
995,Virtual Diva,Don Omar,1326630,https://open.spotify.com/track/4cV6ld7uIs906zOwNscoBM
996,Show 'em what you're made off,Backstreet Boys,1685203,https://open.spotify.com/track/4cV6ld7uIs906zOwNscoBM
997,I need a Doctor (feat Eminem & Skylar Grey),Dr. Dre,1806147,https://open.spotify.com/track/4cV6ld7uIs906zOwNscoBM
998,California Love (Feat Dr. Dre),2Pac,4167567,https://open.spotify.com/track/4cV6ld7uIs906zOwNscoBM
999,Lola,Chayanne,2859274,https://open.spotify.com/track/4cV6ld7uIs906zOwNscoBM
1000,Shadow On The Sun,Audioslave,4302908,https://open.spotify.com/track/4cV6ld7uIs906zOwNscoBM
