Title,Rating,Date
Shrek,G,17/01/2022
Venom,PG-13,15/01/2022
Un espía y medio,PG-13,14/01/2022
iCarly: Temporada 1: Cazando pollos,TV-PG,13/01/2022
Hombres de negro II,PG-13,13/01/2022
¡Nailed It! México: Temporada 1: Fiesta fiasco,TV-PG,11/01/2022
"¡Nailed It! México: Temporada 1: María, la del betún",TV-PG,11/01/2022
¡Nailed It! México: Temporada 1: Depostre,TV-PG,11/01/2022
"tick, tick...BOOM!",PG-13,11/01/2022
Si yo tuviera 30,PG-13,11/01/2022
Death Race: La carrera de la muerte,R,11/01/2022
xXx 2: Estado de emergencia,PG-13,10/01/2022
¡Nailed It! Mexico: Temporada 1: Feliz cumplehornos,TV-PG,09/01/2022
Tierra de zombies,R,09/01/2022
¡Nailed It! Mexico: Temporada 2: Saliendo a Flote,TV-PG,08/01/2022
Buenos vecinos 2,R,08/01/2022
El ej�rcito de los ladrones,R,07/01/2022
Alerta roja,TV-PG,06/01/2022
